Metrics/EpRet,Metrics/EpCost,Metrics/EpLen,Train/Epoch,Train/Entropy,Train/KL,Train/StopIter,Train/PolicyRatio,Train/PolicyRatio/Min,Train/PolicyRatio/Max,Train/PolicyRatio/Std,Train/LR,Train/PolicyStd,TotalEnvSteps,Loss/Loss_pi,Loss/Loss_pi/Delta,Value/Adv,Loss/Loss_reward_critic,Loss/Loss_reward_critic/Delta,Value/reward,Loss/Loss_cost_critic,Loss/Loss_cost_critic/Delta,Value/cost,Time/Total,Time/Rollout,Time/Update,Time/Epoch,Time/FPS,Metrics/LagrangeMultiplier,Metrics/LagrangeMultiplier/Min,Metrics/LagrangeMultiplier/Max,Metrics/LagrangeMultiplier/Std
-0.9950053095817566,333.79998779296875,1000.0,0.0,1.4147632122039795,0.013472112827003002,40.0,1.000237226486206,1.000237226486206,1.000237226486206,0.009143760427832603,0.0002969999914057553,0.9958620667457581,5000.0,-0.04944382980465889,-0.04944382980465889,0.11265526711940765,0.016508478671312332,0.016508478671312332,0.15435166656970978,22.634321212768555,22.634321212768555,0.05317499488592148,59.3786735534668,36.55790328979492,22.820772171020508,59.3786735534668,84.20531463623047,0.01099999900907278,0.01099999900907278,0.01099999900907278,0.0
-0.23420903086662292,277.70001220703125,1000.0,1.0,1.4141700267791748,0.016584860160946846,40.0,1.000687599182129,1.000687599182129,1.000687599182129,0.010043345391750336,0.00029399999766610563,0.9953635334968567,10000.0,-0.04378500580787659,0.005658823996782303,-0.07985395938158035,0.011516901664435863,-0.004991577006876469,0.08944839984178543,13.331955909729004,-9.30236530303955,-1.461937427520752,126.25089263916016,42.064884185791016,24.762405395507812,66.8272933959961,74.81973266601562,0.020890027284622192,0.020890027284622192,0.020890027284622192,0.0
-0.022875845432281494,268.26666259765625,1000.0,2.0,1.4037518501281738,0.01645084097981453,40.0,0.9962670803070068,0.9962670803070068,0.9962670803070068,0.009762412868440151,0.000291000003926456,0.984947144985199,15000.0,-0.05001199617981911,-0.00622699037194252,-0.016975045204162598,0.00681496923789382,-0.004701932426542044,0.16295669972896576,7.8056817054748535,-5.52627420425415,4.103617191314697,190.13169860839844,41.288455963134766,22.550682067871094,63.83913803100586,78.32186126708984,0.030737292021512985,0.030737292021512985,0.030737292021512985,0.0
0.24686995148658752,238.0500030517578,1000.0,3.0,1.3943686485290527,0.015613148920238018,40.0,0.9958915114402771,0.9958915114402771,0.9958915114402771,0.01063556782901287,0.0002880000101868063,0.9757553339004517,20000.0,-0.0505538135766983,-0.0005418173968791962,0.022565148770809174,0.006971228867769241,0.00015625962987542152,0.14748667180538177,3.7053394317626953,-4.100342273712158,-3.570805549621582,257.5867004394531,44.842987060546875,22.570833206176758,67.413818359375,74.16876983642578,0.04047630727291107,0.04047630727291107,0.04047630727291107,0.0
0.30712470412254333,232.16000366210938,1000.0,4.0,1.3742544651031494,0.015053074806928635,40.0,0.9969157576560974,0.9969157576560974,0.9969157576560974,0.00958503782749176,0.0002849999873433262,0.9563280344009399,25000.0,-0.0559784397482872,-0.005424626171588898,0.06286658346652985,0.003252045251429081,-0.0037191836163401604,0.09684983640909195,4.814891815185547,1.1095523834228516,6.532351493835449,319.9341125488281,39.743309020996094,22.55910873413086,62.30242156982422,80.25370025634766,0.05014108866453171,0.05014108866453171,0.05014108866453171,0.0
0.4702496826648712,264.1666564941406,1000.0,5.0,1.3643462657928467,0.015185748226940632,40.0,0.9967250227928162,0.9967250227928162,0.9967250227928162,0.010241189040243626,0.00028199999360367656,0.94691002368927,30000.0,-0.05229172855615616,0.0036867111921310425,-0.057218581438064575,0.010495921596884727,0.0072438763454556465,0.12459671497344971,6.791305065155029,1.9764132499694824,12.064467430114746,385.9544677734375,43.23634338378906,22.738975524902344,65.9753189086914,75.7859115600586,0.059857554733753204,0.059857554733753204,0.059857554733753204,0.0
1.0165233612060547,263.4285583496094,1000.0,6.0,1.3388751745224,0.01867128349840641,40.0,0.9971992373466492,0.9971992373466492,0.9971992373466492,0.00970359519124031,0.0002789999998640269,0.9231911301612854,35000.0,-0.058620646595954895,-0.006328918039798737,-0.08337350934743881,0.01700349897146225,0.006507577374577522,0.2501092553138733,5.873331069946289,-0.9179739952087402,15.71370792388916,448.85003662109375,39.73794174194336,23.11934471130371,62.85728454589844,79.54527282714844,0.06960982829332352,0.06960982829332352,0.06960982829332352,0.0
1.526794195175171,249.97500610351562,1000.0,7.0,1.3178532123565674,0.018501630052924156,40.0,0.9974629282951355,0.9974629282951355,0.9974629282951355,0.010225297883152962,0.00027600000612437725,0.9041903614997864,40000.0,-0.057246673852205276,0.0013739727437496185,0.013534742407500744,0.028141967952251434,0.011138468980789185,0.2899664640426636,5.059793949127197,-0.8135371208190918,11.611258506774902,513.1533813476562,41.044918060302734,23.21514129638672,64.26006317138672,77.80883026123047,0.079354427754879,0.079354427754879,0.079354427754879,0.0
2.179927349090576,235.26666259765625,1000.0,8.0,1.2998745441436768,0.01757611706852913,40.0,0.9998739361763,0.9998739361763,0.9998739361763,0.010173479095101357,0.0002730000123847276,0.8881967663764954,45000.0,-0.05791158601641655,-0.0006649121642112732,0.013708194717764854,0.02731022797524929,-0.0008317399770021439,0.353394478559494,4.053736686706543,-1.0060572624206543,11.90410327911377,577.31494140625,40.911407470703125,23.211841583251953,64.12325286865234,77.97483825683594,0.08905211091041565,0.08905211091041565,0.08905211091041565,0.0
2.675703763961792,222.97999572753906,1000.0,9.0,1.2927969694137573,0.014875734224915504,40.0,0.996603786945343,0.996603786945343,0.996603786945343,0.009395983070135117,0.0002699999895412475,0.8818735480308533,50000.0,-0.055355314165353775,0.0025562718510627747,0.03978902846574783,0.028536520898342133,0.001226292923092842,0.4744434654712677,3.5987308025360107,-0.4550058841705322,12.68605899810791,645.286376953125,44.348453521728516,23.584928512573242,67.93338012695312,73.60151672363281,0.09867614507675171,0.09867614507675171,0.09867614507675171,0.0
3.2526891231536865,211.9199981689453,1000.0,10.0,1.2623655796051025,0.019341008737683296,40.0,0.999697744846344,0.999697744846344,0.999697744846344,0.010329539887607098,0.00026699999580159783,0.855265200138092,55000.0,-0.06610853224992752,-0.010753218084573746,0.10856083035469055,0.016913259401917458,-0.011623261496424675,0.32314011454582214,5.174503803253174,1.575773000717163,16.845521926879883,714.2816772460938,46.01457595825195,22.935653686523438,68.95022583007812,72.51607513427734,0.1082058772444725,0.1082058772444725,0.1082058772444725,0.0
3.748093366622925,221.13999938964844,1000.0,11.0,1.2456480264663696,0.015950052067637444,40.0,0.998206615447998,0.998206615447998,0.998206615447998,0.009799012914299965,0.0002640000020619482,0.841055154800415,60000.0,-0.06484249234199524,0.0012660399079322815,-0.07555706799030304,0.011215589009225368,-0.005697670392692089,0.3137322962284088,5.887850284576416,0.7133464813232422,14.073437690734863,791.391845703125,52.897037506103516,24.165699005126953,77.06273651123047,64.8822021484375,0.117693230509758,0.117693230509758,0.117693230509758,0.0
4.404194355010986,205.89999389648438,1000.0,12.0,1.236743450164795,0.018545571714639664,40.0,0.9976888298988342,0.9976888298988342,0.9976888298988342,0.010067112743854523,0.0002610000083222985,0.8335808515548706,65000.0,-0.06425972282886505,0.000582769513130188,0.057136666029691696,0.014098926447331905,0.002883337438106537,0.3257516026496887,2.8832144737243652,-3.004635810852051,18.198776245117188,860.5389404296875,46.60335159301758,22.498849868774414,69.10220336914062,72.3565902709961,0.12709462642669678,0.12709462642669678,0.12709462642669678,0.0
5.163206100463867,196.83999633789062,1000.0,13.0,1.2274558544158936,0.02114633098244667,36.0,0.9942490458488464,0.9942490458488464,0.9942490458488464,0.010833275504410267,0.0002579999854788184,0.8258012533187866,70000.0,-0.06113259121775627,0.00312713161110878,-0.05240907147526741,0.019941875711083412,0.005842949263751507,0.7026984095573425,1.9019272327423096,-0.9812872409820557,12.955095291137695,928.790771484375,46.80812072753906,21.39886474609375,68.20698547363281,73.3062744140625,0.13639289140701294,0.13639289140701294,0.13639289140701294,0.0
6.157287120819092,202.75999450683594,1000.0,14.0,1.209234356880188,0.02016165293753147,15.0,0.9977025389671326,0.9977025389671326,0.9977025389671326,0.010205933824181557,0.00025499999173916876,0.810876727104187,75000.0,-0.05598895996809006,0.005143631249666214,0.21910880506038666,0.029547736048698425,0.009605860337615013,0.6861303448677063,7.975490093231201,6.073562860488892,13.651195526123047,983.9691772460938,46.85147476196289,8.286994934082031,55.13846969604492,90.68079376220703,0.14562909305095673,0.14562909305095673,0.14562909305095673,0.0
7.1391801834106445,176.10000610351562,1000.0,15.0,1.20653235912323,0.020315207540988922,39.0,0.9976572394371033,0.9976572394371033,0.9976572394371033,0.01041046716272831,0.0002519999979995191,0.8086464405059814,80000.0,-0.06396333873271942,-0.007974378764629364,0.07045462727546692,0.022657791152596474,-0.006889944896101952,0.6834946274757385,2.91306471824646,-5.062425374984741,13.602523803710938,1051.62353515625,44.18560028076172,23.43029022216797,67.61589050292969,73.94711303710938,0.15470927953720093,0.15470927953720093,0.15470927953720093,0.0
7.8999738693237305,164.33999633789062,1000.0,16.0,1.2033342123031616,0.021421628072857857,32.0,0.993588924407959,0.993588924407959,0.993588924407959,0.010758784599602222,0.00024900000425986946,0.8060903549194336,85000.0,-0.06978803873062134,-0.0058246999979019165,-0.09594090282917023,0.027923336252570152,0.005265545099973679,0.6268141865730286,3.215447187423706,0.3023824691772461,16.97133445739746,1105.3197021484375,36.5539665222168,17.102184295654297,53.656150817871094,93.18595886230469,0.1636068969964981,0.1636068969964981,0.1636068969964981,0.0
8.041424751281738,161.9199981689453,1000.0,17.0,1.1910682916641235,0.01919620670378208,40.0,0.9965461492538452,0.9965461492538452,0.9965461492538452,0.01013890653848648,0.0002460000105202198,0.7963300943374634,90000.0,-0.06239589676260948,0.007392141968011856,-0.037243545055389404,0.016819048672914505,-0.011104287579655647,0.4774724543094635,2.4563918113708496,-0.7590553760528564,14.76691722869873,1172.170654296875,45.273040771484375,21.531681060791016,66.80570983886719,74.84390258789062,0.1723376363515854,0.1723376363515854,0.1723376363515854,0.0
8.16165828704834,172.16000366210938,1000.0,18.0,1.1711091995239258,0.020709801465272903,27.0,1.0031038522720337,1.0031038522720337,1.0031038522720337,0.010182320140302181,0.00024300000222865492,0.7806044220924377,95000.0,-0.06601278483867645,-0.003616888076066971,0.00883766170591116,0.021338291466236115,0.0045192427933216095,0.5967780351638794,4.01991605758667,1.5635242462158203,11.951257705688477,1228.623046875,41.748291015625,14.66408634185791,56.41238021850586,88.63302612304688,0.1809712052345276,0.1809712052345276,0.1809712052345276,0.0
8.550394058227539,177.66000366210938,1000.0,19.0,1.1600232124328613,0.020029796287417412,20.0,0.9988361597061157,0.9988361597061157,0.9988361597061157,0.010066860355436802,0.00023999999393709004,0.771928608417511,100000.0,-0.0611235611140728,0.004889223724603653,0.06904321908950806,0.020635977387428284,-0.0007023140788078308,0.9213042855262756,4.579374313354492,0.5594582557678223,16.319581985473633,1284.880126953125,45.29047393798828,10.926614761352539,56.21709060668945,88.94092559814453,0.18954727053642273,0.18954727053642273,0.18954727053642273,0.0
8.821453094482422,171.9600067138672,1000.0,20.0,1.15785551071167,0.020242732018232346,32.0,0.9931429028511047,0.9931429028511047,0.9931429028511047,0.010100939311087132,0.00023700000019744039,0.770236611366272,105000.0,-0.06483414769172668,-0.003710586577653885,-0.11372268944978714,0.018171895295381546,-0.0024640820920467377,0.6408941745758057,3.6010773181915283,-0.9782969951629639,13.813140869140625,1343.3443603515625,41.328983306884766,17.090129852294922,58.41911315917969,85.58843231201172,0.19805102050304413,0.19805102050304413,0.19805102050304413,0.0
8.8637113571167,168.6199951171875,1000.0,21.0,1.1517314910888672,0.02080686390399933,2.0,1.0023298263549805,1.0023298263549805,1.0023298263549805,0.011660818010568619,0.00023400000645779073,0.7655352354049683,110000.0,-0.02674168348312378,0.038092464208602905,-0.09079205989837646,0.0206062663346529,0.0024343710392713547,0.6868001818656921,22.358240127563477,18.75716280937195,14.019523620605469,1385.3779296875,41.03627395629883,0.9563238620758057,41.99259948730469,119.068603515625,0.20647931098937988,0.20647931098937988,0.20647931098937988,0.0
9.516304969787598,174.24000549316406,1000.0,22.0,1.1456481218338013,0.020390616729855537,37.0,0.9983780384063721,0.9983780384063721,0.9983780384063721,0.010100740939378738,0.00023099999816622585,0.7609298825263977,115000.0,-0.07391167432069778,-0.047169990837574005,0.04610389098525047,0.022223740816116333,0.0016174744814634323,1.2186638116836548,3.2682082653045654,-19.09003186225891,19.044071197509766,1445.950439453125,40.64535140991211,19.88701629638672,60.53236770629883,82.6004409790039,0.21486996114253998,0.21486996114253998,0.21486996114253998,0.0
9.820822715759277,184.17999267578125,1000.0,23.0,1.1346908807754517,0.02035321667790413,31.0,0.9978787302970886,0.9978787302970886,0.9978787302970886,0.010844826698303223,0.0002280000044265762,0.7526580095291138,120000.0,-0.06879743933677673,0.005114234983921051,0.040190618485212326,0.03196064010262489,0.00973689928650856,0.9944745898246765,3.1031622886657715,-0.16504597663879395,15.818346977233887,1500.5430908203125,38.168792724609375,16.378787994384766,54.547584533691406,91.6630859375,0.22327548265457153,0.22327548265457153,0.22327548265457153,0.0
10.142520904541016,176.17999267578125,1000.0,24.0,1.132320761680603,0.020440226420760155,34.0,1.0046002864837646,1.0046002864837646,1.0046002864837646,0.01008245162665844,0.00022499999613501132,0.7510331273078918,125000.0,-0.07719016075134277,-0.00839272141456604,0.06704401224851608,0.02920469082891941,-0.0027559492737054825,1.125254511833191,4.371773719787598,1.2686114311218262,15.526826858520508,1556.1507568359375,37.77784729003906,17.794782638549805,55.572628021240234,89.97235107421875,0.23166106641292572,0.23166106641292572,0.23166106641292572,0.0
10.403122901916504,171.75999450683594,1000.0,25.0,1.1263036727905273,0.020620113238692284,32.0,1.0008957386016846,1.0008957386016846,1.0008957386016846,0.010627059265971184,0.00022200000239536166,0.7465125322341919,130000.0,-0.06755546480417252,0.009634695947170258,0.10664770007133484,0.02457871474325657,-0.004625976085662842,1.4643031358718872,2.5134835243225098,-1.858290195465088,16.82143783569336,1611.9044189453125,39.29221725463867,16.421449661254883,55.71366882324219,89.74458312988281,0.24001161754131317,0.24001161754131317,0.24001161754131317,0.0
10.332493782043457,172.36000061035156,1000.0,26.0,1.1221808195114136,0.020862312987446785,30.0,0.9951215386390686,0.9951215386390686,0.9951215386390686,0.010581892915070057,0.00021899999410379678,0.743361234664917,135000.0,-0.06539282947778702,0.002162635326385498,0.06792057305574417,0.030250342562794685,0.0056716278195381165,1.1200276613235474,2.875237464904785,0.3617539405822754,13.912557601928711,1667.8228759765625,40.12150192260742,15.761863708496094,55.883365631103516,89.4720687866211,0.24833695590496063,0.24833695590496063,0.24833695590496063,0.0
11.666796684265137,179.1199951171875,1000.0,27.0,1.1182477474212646,0.020064104348421097,24.0,0.9977886080741882,0.9977886080741882,0.9977886080741882,0.01059696264564991,0.00021600000036414713,0.7403703331947327,140000.0,-0.07339584082365036,-0.008003011345863342,0.03751707449555397,0.04062233492732048,0.010371992364525795,1.6193630695343018,4.506443977355957,1.6312065124511719,17.518951416015625,1720.22216796875,39.373233795166016,12.979056358337402,52.352291107177734,95.50680541992188,0.2566746771335602,0.2566746771335602,0.2566746771335602,0.0
11.506802558898926,190.5399932861328,1000.0,28.0,1.1173659563064575,0.020384859293699265,23.0,1.000747561454773,1.000747561454773,1.000747561454773,0.010384175926446915,0.00021300000662449747,0.7397820353507996,145000.0,-0.0800093412399292,-0.006613500416278839,0.03405645489692688,0.03347352147102356,-0.007148813456296921,0.8708997964859009,6.400249481201172,1.8938055038452148,17.870986938476562,1773.3392333984375,41.07087707519531,12.001222610473633,53.07209777832031,94.21146392822266,0.26507923007011414,0.26507923007011414,0.26507923007011414,0.0
12.00334358215332,198.9199981689453,1000.0,29.0,1.1094164848327637,0.021284649148583412,23.0,0.9977959394454956,0.9977959394454956,0.9977959394454956,0.009898925200104713,0.0002099999983329326,0.7340964674949646,150000.0,-0.07277815788984299,0.007231183350086212,0.02696537971496582,0.039403315633535385,0.0059297941625118256,1.534819483757019,4.888023853302002,-1.51222562789917,18.789386749267578,1827.9129638671875,42.06576919555664,12.462934494018555,54.52870178222656,91.69483184814453,0.27358371019363403,0.27358371019363403,0.27358371019363403,0.0
12.605846405029297,203.27999877929688,1000.0,30.0,1.102467656135559,0.021331394091248512,25.0,0.9948084950447083,0.9948084950447083,0.9948084950447083,0.010550579987466335,0.00020700000459328294,0.7292091250419617,155000.0,-0.08156868815422058,-0.008790530264377594,-0.1468123495578766,0.032077591866254807,-0.007325723767280579,1.3224029541015625,4.443519115447998,-0.4445047378540039,18.989973068237305,1882.77734375,41.8769645690918,12.942291259765625,54.81925582885742,91.20882415771484,0.2821984589099884,0.2821984589099884,0.2821984589099884,0.0
13.311898231506348,181.9600067138672,1000.0,31.0,1.0926942825317383,0.02064005471765995,36.0,0.997501790523529,0.997501790523529,0.997501790523529,0.01081891916692257,0.00020399999630171806,0.7223819494247437,160000.0,-0.07208822667598724,0.009480461478233337,0.006633187178522348,0.03270800784230232,0.0006304159760475159,1.3632309436798096,2.221311330795288,-2.22220778465271,21.09755516052246,1941.513671875,38.97773742675781,19.72054100036621,58.69827651977539,85.1813735961914,0.2908148765563965,0.2908148765563965,0.2908148765563965,0.0
12.995464324951172,181.3000030517578,1000.0,32.0,1.0824923515319824,0.02105497196316719,36.0,1.0047459602355957,1.0047459602355957,1.0047459602355957,0.010948145762085915,0.0002010000025620684,0.7151641249656677,165000.0,-0.07911928743124008,-0.007031060755252838,0.07938080281019211,0.02263592928647995,-0.010072078555822372,1.272155523300171,3.157926321029663,0.936614990234375,18.973772048950195,1999.394775390625,38.51547622680664,19.325571060180664,57.84104919433594,86.44380187988281,0.2994319796562195,0.2994319796562195,0.2994319796562195,0.0
13.302452087402344,189.9600067138672,1000.0,33.0,1.0816192626953125,0.020734671503305435,22.0,0.9996343851089478,0.9996343851089478,0.9996343851089478,0.010520577430725098,0.00019799999427050352,0.7144615650177002,170000.0,-0.07825381308794022,0.0008654743432998657,-0.0443364679813385,0.03315376490354538,0.01051783561706543,1.5097931623458862,4.764745712280273,1.6068193912506104,18.793445587158203,2050.54638671875,38.818077087402344,12.293662071228027,51.11174011230469,97.82488250732422,0.30809298157691956,0.30809298157691956,0.30809298157691956,0.0
13.236711502075195,179.5399932861328,1000.0,34.0,1.0729438066482544,0.02035321108996868,33.0,0.9965967535972595,0.9965967535972595,0.9965967535972595,0.010788163170218468,0.00019500000053085387,0.7083321213722229,175000.0,-0.060309819877147675,0.01794399321079254,-0.10403627157211304,0.030957132577896118,-0.0021966323256492615,1.4894013404846191,2.99577260017395,-1.7689731121063232,21.797828674316406,2108.770263671875,38.70030975341797,19.48223114013672,58.18254089355469,85.93643188476562,0.31674543023109436,0.31674543023109436,0.31674543023109436,0.0
13.464944839477539,188.75999450683594,1000.0,35.0,1.0738600492477417,0.021074993535876274,21.0,0.9988777041435242,0.9988777041435242,0.9988777041435242,0.011180506087839603,0.00019200000679120421,0.7089383006095886,180000.0,-0.07977916300296783,-0.01946934312582016,0.04714879393577576,0.03365791589021683,0.0027007833123207092,1.7948046922683716,5.230378150939941,2.234605550765991,18.623762130737305,2169.4228515625,48.20848083496094,12.39417839050293,60.6026611328125,82.50463104248047,0.3254367709159851,0.3254367709159851,0.3254367709159851,0.0
13.567607879638672,190.27999877929688,1000.0,36.0,1.072959065437317,0.020012466236948967,27.0,1.002188801765442,1.002188801765442,1.002188801765442,0.011305212043225765,0.00018899999849963933,0.7081983685493469,185000.0,-0.07184541970491409,0.007933743298053741,-0.016052067279815674,0.02797258459031582,-0.005685331299901009,1.4742215871810913,3.2395706176757812,-1.9908075332641602,14.323787689208984,2233.90087890625,48.74977111816406,15.683265686035156,64.43303680419922,77.59993743896484,0.33417198061943054,0.33417198061943054,0.33417198061943054,0.0
12.826004981994629,188.8000030517578,1000.0,37.0,1.0655549764633179,0.0209136251360178,21.0,1.000311017036438,1.000311017036438,1.000311017036438,0.01044075470417738,0.00018600000475998968,0.7031643986701965,190000.0,-0.07453739643096924,-0.0026919767260551453,0.053296059370040894,0.027087079361081123,-0.0008855052292346954,1.4168471097946167,4.70817232131958,1.4686017036437988,17.05283546447754,2291.631103515625,45.309566497802734,12.375740051269531,57.685306549072266,86.67718505859375,0.342941015958786,0.342941015958786,0.342941015958786,0.0
13.484350204467773,171.83999633789062,1000.0,38.0,1.0626078844070435,0.020137622952461243,27.0,0.9986293315887451,0.9986293315887451,0.9986293315887451,0.010059407912194729,0.0001829999964684248,0.7012945413589478,195000.0,-0.08476963639259338,-0.010232239961624146,-0.2382849007844925,0.027991145849227905,0.0009040664881467819,1.4967721700668335,3.9327447414398193,-0.7754275798797607,16.14263343811035,2353.239501953125,45.68051528930664,15.884615898132324,61.56513214111328,81.21479797363281,0.35165858268737793,0.35165858268737793,0.35165858268737793,0.0
13.876425743103027,163.9199981689453,1000.0,39.0,1.0644696950912476,0.020121589303016663,32.0,0.999336838722229,0.999336838722229,0.999336838722229,0.011057275347411633,0.00018000000272877514,0.7025243639945984,200000.0,-0.08584463596343994,-0.0010749995708465576,0.12117611616849899,0.04627738520503044,0.018286239355802536,1.936205267906189,3.1651668548583984,-0.7675778865814209,18.915706634521484,2415.70947265625,44.11320114135742,18.314041137695312,62.427242279052734,80.0932388305664,0.3602919280529022,0.3602919280529022,0.3602919280529022,0.0
12.981767654418945,155.4600067138672,1000.0,40.0,1.069185495376587,0.02030234783887863,28.0,0.995189368724823,0.995189368724823,0.995189368724823,0.010086813941597939,0.00017699999443721026,0.7056988477706909,205000.0,-0.07251599431037903,0.013328641653060913,-0.038238923996686935,0.019748570397496223,-0.026528814807534218,1.224649429321289,3.3228323459625244,0.15766549110412598,19.924583435058594,2475.9794921875,44.58622360229492,15.638959884643555,60.225181579589844,83.0217514038086,0.36880791187286377,0.36880791187286377,0.36880791187286377,0.0
13.035455703735352,161.66000366210938,1000.0,41.0,1.0701624155044556,0.020335257053375244,36.0,1.0054104328155518,1.0054104328155518,1.0054104328155518,0.010307040996849537,0.0001740000006975606,0.7065314650535583,210000.0,-0.07975149899721146,-0.007235504686832428,0.006277920678257942,0.02821129746735096,0.008462727069854736,1.5070165395736694,2.2025067806243896,-1.1203255653381348,17.625001907348633,2540.137451171875,44.18157196044922,19.937366485595703,64.11893463134766,77.9800796508789,0.3772532343864441,0.3772532343864441,0.3772532343864441,0.0
12.714159965515137,168.94000244140625,1000.0,42.0,1.066524624824524,0.020623790100216866,27.0,1.0018566846847534,1.0018566846847534,1.0018566846847534,0.010220195166766644,0.00017100000695791095,0.7039514780044556,215000.0,-0.09240146726369858,-0.012649968266487122,-0.2071901559829712,0.01635883003473282,-0.011852467432618141,0.9597163796424866,3.5700185298919678,1.3675117492675781,21.789384841918945,2597.46826171875,41.893157958984375,15.392662048339844,57.285823822021484,87.28163146972656,0.38567546010017395,0.38567546010017395,0.38567546010017395,0.0
12.85092544555664,168.13999938964844,1000.0,43.0,1.0657254457473755,0.020127661526203156,25.0,0.9993945956230164,0.9993945956230164,0.9993945956230164,0.010552845895290375,0.00016799999866634607,0.7034381031990051,220000.0,-0.09539759159088135,-0.0029961243271827698,0.0495050810277462,0.03597111627459526,0.019612286239862442,1.5754714012145996,3.6907525062561035,0.12073397636413574,18.727741241455078,2655.1240234375,42.314781188964844,15.30085563659668,57.615638732910156,86.78199768066406,0.3940749764442444,0.3940749764442444,0.3940749764442444,0.0
13.004003524780273,169.9600067138672,1000.0,44.0,1.0569815635681152,0.02023729868233204,36.0,0.9974144697189331,0.9974144697189331,0.9974144697189331,0.010063237510621548,0.00016500000492669642,0.6972211003303528,225000.0,-0.08079726994037628,0.014600321650505066,0.04394957795739174,0.03231345862150192,-0.003657657653093338,1.5610918998718262,2.371666431427002,-1.3190860748291016,22.966787338256836,2720.473876953125,44.817928314208984,20.48239517211914,65.30032348632812,76.56929779052734,0.4024658501148224,0.4024658501148224,0.4024658501148224,0.0
12.694867134094238,166.24000549316406,1000.0,45.0,1.051287055015564,0.02016335539519787,26.0,0.9977841973304749,0.9977841973304749,0.9977841973304749,0.01033655647188425,0.00016199999663513154,0.6931372284889221,230000.0,-0.08223869651556015,-0.0014414265751838684,0.0032872576266527176,0.026043523102998734,-0.006269935518503189,1.3452661037445068,3.503681182861328,1.1320147514343262,19.254419326782227,2780.446533203125,45.003170013427734,14.931018829345703,59.93418884277344,83.42483520507812,0.4108313024044037,0.4108313024044037,0.4108313024044037,0.0
12.821555137634277,170.3000030517578,1000.0,46.0,1.0532023906707764,0.02129041962325573,23.0,1.0003315210342407,1.0003315210342407,1.0003315210342407,0.011372576467692852,0.00015900000289548188,0.6943846344947815,235000.0,-0.08917045593261719,-0.006931759417057037,0.04603444039821625,0.03784138709306717,0.011797863990068436,1.40862238407135,3.986694812774658,0.4830136299133301,20.970165252685547,2838.337646484375,45.3096809387207,12.539831161499023,57.849510192871094,86.43115234375,0.41919779777526855,0.41919779777526855,0.41919779777526855,0.0
12.586713790893555,172.52000427246094,1000.0,47.0,1.048566460609436,0.022092057392001152,29.0,1.0051082372665405,1.0051082372665405,1.0051082372665405,0.010592014528810978,0.000155999994603917,0.6913977861404419,240000.0,-0.09095975011587143,-0.001789294183254242,-0.018028581514954567,0.030567826703190804,-0.007273560389876366,1.2025474309921265,3.3491621017456055,-0.6375327110290527,18.48000717163086,2901.02783203125,46.35728073120117,16.289955139160156,62.64723587036133,79.81198120117188,0.4275791645050049,0.4275791645050049,0.4275791645050049,0.0
12.657160758972168,175.4600067138672,1000.0,48.0,1.038927435874939,0.020811205729842186,37.0,1.001245141029358,1.001245141029358,1.001245141029358,0.010755185037851334,0.00015300000086426735,0.6847586035728455,245000.0,-0.1022695004940033,-0.011309750378131866,-0.09171059727668762,0.024770844727754593,-0.005796981975436211,1.5411535501480103,2.8274688720703125,-0.521693229675293,20.65699577331543,2964.056884765625,42.01094436645508,20.97471046447754,62.98565673828125,79.3831558227539,0.43599164485931396,0.43599164485931396,0.43599164485931396,0.0
11.609675407409668,185.89999389648438,1000.0,49.0,1.031998872756958,0.02155362255871296,24.0,1.0031561851501465,1.0031561851501465,1.0031561851501465,0.01103963702917099,0.0001500000071246177,0.6797775626182556,250000.0,-0.08842454105615616,0.013844959437847137,0.1519785076379776,0.02689080871641636,0.002119963988661766,1.2166415452957153,3.5739853382110596,0.7465164661407471,19.195880889892578,3021.58935546875,44.1884651184082,13.302767753601074,57.491233825683594,86.96977996826172,0.44448959827423096,0.44448959827423096,0.44448959827423096,0.0
11.690360069274902,178.39999389648438,1000.0,50.0,1.0194001197814941,0.016192326322197914,40.0,1.001421332359314,1.001421332359314,1.001421332359314,0.009564133360981941,0.00014699999883305281,0.6712324023246765,255000.0,-0.05959472805261612,0.02882981300354004,-0.10056518763303757,0.01890869438648224,-0.00798211432993412,1.3288147449493408,1.8317686319351196,-1.74221670627594,18.458293914794922,3085.708251953125,41.10978317260742,22.959074020385742,64.06885528564453,78.0410385131836,0.45302554965019226,0.45302554965019226,0.45302554965019226,0.0
11.829952239990234,185.4199981689453,1000.0,51.0,1.0071922540664673,0.02084566280245781,28.0,0.9993758201599121,0.9993758201599121,0.9993758201599121,0.010235617868602276,0.00014400000509340316,0.6631045937538147,260000.0,-0.10201873630285263,-0.04242400825023651,-0.0878908559679985,0.03542337566614151,0.01651468127965927,1.460235595703125,2.8311398029327393,0.9993711709976196,19.188817977905273,3144.703857421875,43.2084846496582,15.743979454040527,58.95246505737305,84.81409454345703,0.46163487434387207,0.46163487434387207,0.46163487434387207,0.0
13.172618865966797,176.10000610351562,1000.0,52.0,0.9985715746879578,0.02045683190226555,34.0,1.0016658306121826,1.0016658306121826,1.0016658306121826,0.010085764341056347,0.00014099999680183828,0.6575098633766174,265000.0,-0.08623158186674118,0.01578715443611145,0.03783309459686279,0.032609324902296066,-0.0028140507638454437,1.9000513553619385,2.154262065887451,-0.6768777370452881,17.548809051513672,3206.237060546875,42.85007095336914,18.644521713256836,61.49459457397461,81.3079605102539,0.4702610969543457,0.4702610969543457,0.4702610969543457,0.0
12.943120956420898,165.8800048828125,1000.0,53.0,0.9915017485618591,0.019873423501849174,40.0,1.0016587972640991,1.0016587972640991,1.0016587972640991,0.010118022561073303,0.00013800000306218863,0.6529086232185364,270000.0,-0.08796579390764236,-0.001734212040901184,-0.017674503847956657,0.03326379880309105,0.0006544739007949829,1.7948741912841797,1.9990304708480835,-0.15523159503936768,18.305932998657227,3274.650390625,44.67657470703125,23.698421478271484,68.37499237060547,73.12614440917969,0.47884804010391235,0.47884804010391235,0.47884804010391235,0.0
12.545509338378906,171.22000122070312,1000.0,54.0,0.991492509841919,0.020136667415499687,37.0,1.0034970045089722,1.0034970045089722,1.0034970045089722,0.010502918623387814,0.00013499999477062374,0.6529442667961121,275000.0,-0.09284970164299011,-0.004883907735347748,0.00674650352448225,0.030829334631562233,-0.0024344641715288162,1.4015226364135742,2.184951066970825,0.1859205961227417,18.942441940307617,3340.37451171875,44.3096923828125,21.36418914794922,65.67388153076172,76.1337661743164,0.48743104934692383,0.48743104934692383,0.48743104934692383,0.0
12.414712905883789,173.27999877929688,1000.0,55.0,0.9842892289161682,0.020787643268704414,29.0,1.002859115600586,1.002859115600586,1.002859115600586,0.010607950389385223,0.0001320000010309741,0.6482813358306885,280000.0,-0.09859252721071243,-0.0057428255677223206,-0.11186383664608002,0.02862544171512127,-0.0022038929164409637,1.7729370594024658,3.1503565311431885,0.9654054641723633,19.673625946044922,3403.233154296875,46.37144470214844,16.44231414794922,62.813758850097656,79.60039520263672,0.49602359533309937,0.49602359533309937,0.49602359533309937,0.0
12.863897323608398,170.3000030517578,1000.0,56.0,0.9737370014190674,0.020601380616426468,36.0,1.0028014183044434,1.0028014183044434,1.0028014183044434,0.010959573090076447,0.0001289999927394092,0.6415860652923584,285000.0,-0.10285084694623947,-0.004258319735527039,0.007816022261977196,0.03859240934252739,0.00996696762740612,1.974613904953003,2.5386173725128174,-0.6117391586303711,17.549604415893555,3469.0771484375,45.164798736572266,20.63918685913086,65.80398559570312,75.98323822021484,0.5046097040176392,0.5046097040176392,0.5046097040176392,0.0
12.649081230163574,159.02000427246094,1000.0,57.0,0.9686530828475952,0.017539065331220627,40.0,1.0058493614196777,1.0058493614196777,1.0058493614196777,0.009932825341820717,0.00012599999899975955,0.6385743021965027,290000.0,-0.07638698816299438,0.026463858783245087,0.00059360614977777,0.02597939223051071,-0.012613017112016678,1.5330488681793213,1.5393925905227661,-0.9992247819900513,19.1610107421875,3536.61083984375,44.4290657043457,23.05906105041504,67.48812866210938,74.08710479736328,0.5131281018257141,0.5131281018257141,0.5131281018257141,0.0
12.544468879699707,152.1999969482422,1000.0,58.0,0.966498613357544,0.020531993359327316,40.0,1.000108003616333,1.000108003616333,1.000108003616333,0.010687091387808323,0.0001230000052601099,0.6371016502380371,295000.0,-0.10147810727357864,-0.02509111911058426,-0.08392886817455292,0.033689018338918686,0.007709626108407974,1.6927416324615479,1.8962901830673218,0.35689759254455566,18.7450008392334,3604.441162109375,44.693145751953125,23.092302322387695,67.78544616699219,73.76214599609375,0.5215482711791992,0.5215482711791992,0.5215482711791992,0.0
12.624014854431152,137.6199951171875,1000.0,59.0,0.9627585411071777,0.019096968695521355,40.0,1.0004761219024658,1.0004761219024658,1.0004761219024658,0.010941410437226295,0.00011999999696854502,0.6347484588623047,300000.0,-0.08750656247138977,0.013971544802188873,0.08780490607023239,0.02694656327366829,-0.006742455065250397,1.524472713470459,1.9097251892089844,0.013435006141662598,17.687667846679688,3673.721435546875,46.13121032714844,23.109027862548828,69.24024200439453,72.21234130859375,0.5297966003417969,0.5297966003417969,0.5297966003417969,0.0
12.840137481689453,152.16000366210938,1000.0,60.0,0.955132782459259,0.02021710015833378,37.0,1.007807731628418,1.007807731628418,1.007807731628418,0.01094358041882515,0.00011700000322889537,0.6299745440483093,305000.0,-0.09895677119493484,-0.011450208723545074,-0.11256822943687439,0.017940659075975418,-0.009005904197692871,1.2546237707138062,2.2729668617248535,0.36324167251586914,18.586538314819336,3735.4306640625,40.90439987182617,20.754867553710938,61.65926742553711,81.09081268310547,0.5379775762557983,0.5379775762557983,0.5379775762557983,0.0
12.8906831741333,152.8000030517578,1000.0,61.0,0.9443681240081787,0.019813159480690956,40.0,1.0024055242538452,1.0024055242538452,1.0024055242538452,0.01061317976564169,0.0001140000022132881,0.6232056617736816,310000.0,-0.10317830741405487,-0.004221536219120026,0.076207734644413,0.025047555565834045,0.007106896489858627,1.6411875486373901,2.0912740230560303,-0.18169283866882324,13.726029396057129,3801.673095703125,43.75193786621094,22.442350387573242,66.19928741455078,75.5295181274414,0.5461036562919617,0.5461036562919617,0.5461036562919617,0.0
12.47389030456543,161.39999389648438,1000.0,62.0,0.9382768273353577,0.020208554342389107,31.0,0.9970805644989014,0.9970805644989014,0.9970805644989014,0.010533733293414116,0.00011100000119768083,0.6195462942123413,315000.0,-0.10882675647735596,-0.005648449063301086,-0.1530352234840393,0.02665700577199459,0.0016094502061605453,1.980765461921692,2.8718574047088623,0.780583381652832,18.844932556152344,3860.5966796875,40.54154968261719,18.341915130615234,58.88346481323242,84.91348266601562,0.5542328357696533,0.5542328357696533,0.5542328357696533,0.0
12.60293197631836,171.5399932861328,1000.0,63.0,0.9331589341163635,0.021364491432905197,29.0,1.0013500452041626,1.0013500452041626,1.0013500452041626,0.010462505742907524,0.00010800000018207356,0.6165031790733337,320000.0,-0.11633512377738953,-0.007508367300033569,0.06270237267017365,0.0405629426240921,0.013905936852097511,1.665513277053833,3.5855300426483154,0.7136726379394531,17.50594711303711,3920.850830078125,43.714866638183594,16.498655319213867,60.21421432495117,83.03687286376953,0.5624258518218994,0.5624258518218994,0.5624258518218994,0.0
12.717116355895996,180.0800018310547,1000.0,64.0,0.9282045960426331,0.01973104290664196,40.0,1.0034111738204956,1.0034111738204956,1.0034111738204956,0.010640358552336693,0.0001049999991664663,0.6132747530937195,325000.0,-0.1295851767063141,-0.01325005292892456,0.03409769386053085,0.030752189457416534,-0.009810753166675568,1.513084888458252,3.083059787750244,-0.5024702548980713,16.80866050720215,3989.8525390625,45.73117446899414,23.232540130615234,68.96371459960938,72.50189208984375,0.5707272887229919,0.5707272887229919,0.5707272887229919,0.0
12.9003324508667,169.66000366210938,1000.0,65.0,0.9219871163368225,0.020904745906591415,37.0,1.003392219543457,1.003392219543457,1.003392219543457,0.010464130900800228,0.00010199999815085903,0.6096385717391968,330000.0,-0.08717808127403259,0.042407095432281494,-0.04041340947151184,0.034528203308582306,0.0037760138511657715,1.651291847229004,2.085576295852661,-0.997483491897583,18.358739852905273,4059.343017578125,46.53208541870117,22.91449546813965,69.44657897949219,71.99778747558594,0.5790667533874512,0.5790667533874512,0.5790667533874512,0.0
11.878143310546875,159.8000030517578,1000.0,66.0,0.9135823845863342,0.018672673031687737,40.0,0.9981594681739807,0.9981594681739807,0.9981594681739807,0.009454648941755295,9.899999713525176e-05,0.6045669913291931,335000.0,-0.07741479575634003,0.009763285517692566,0.007820792496204376,0.02212504856288433,-0.012403154745697975,1.21604323387146,1.801477074623108,-0.2840992212295532,18.564085006713867,4132.49365234375,49.31014633178711,23.800783157348633,73.11093139648438,68.38922882080078,0.5873837471008301,0.5873837471008301,0.5873837471008301,0.0
12.649497032165527,164.22000122070312,1000.0,67.0,0.9125843644142151,0.018610941246151924,40.0,0.9991247057914734,0.9991247057914734,0.9991247057914734,0.01001940481364727,9.600000339560211e-05,0.6038951277732849,340000.0,-0.09883585572242737,-0.02142105996608734,0.10523036867380142,0.031119883060455322,0.008994834497570992,1.6925150156021118,1.6111537218093872,-0.1903233528137207,16.709352493286133,4201.833984375,46.394569396972656,22.90131378173828,69.29588317871094,72.15435791015625,0.5957084894180298,0.5957084894180298,0.5957084894180298,0.0
13.242436408996582,171.0399932861328,1000.0,68.0,0.9090192914009094,0.02016041800379753,34.0,1.000856637954712,1.000856637954712,1.000856637954712,0.010202022269368172,9.300000237999484e-05,0.601661205291748,345000.0,-0.10136255621910095,-0.002526700496673584,-0.11277421563863754,0.04243834316730499,0.01131846010684967,1.8852713108062744,2.2099416255950928,0.5987879037857056,16.783294677734375,4262.57421875,41.1083984375,19.586767196655273,60.695167541503906,82.3788833618164,0.6040821671485901,0.6040821671485901,0.6040821671485901,0.0
13.680878639221191,175.1999969482422,1000.0,69.0,0.8975794911384583,0.02101101540029049,25.0,0.9993980526924133,0.9993980526924133,0.9993980526924133,0.009558952413499355,9.000000136438757e-05,0.5946045517921448,350000.0,-0.09524517506361008,0.006117381155490875,0.015986569225788116,0.042041875422000885,-0.00039646774530410767,1.8486734628677368,2.7702229022979736,0.5602812767028809,17.686721801757812,4321.3447265625,44.42780685424805,14.289239883422852,58.71704864501953,85.15414428710938,0.6125257611274719,0.6125257611274719,0.6125257611274719,0.0
14.906867980957031,176.4199981689453,1000.0,70.0,0.894812822341919,0.020041339099407196,37.0,1.0031020641326904,1.0031020641326904,1.0031020641326904,0.010255844332277775,8.70000003487803e-05,0.5928821563720703,355000.0,-0.12867023050785065,-0.03342505544424057,0.02096322365105152,0.04494503140449524,0.0029031559824943542,2.1373074054718018,2.7237491607666016,-0.04647374153137207,17.139591217041016,4385.79736328125,44.41378402709961,19.99213218688965,64.40591430664062,77.63262176513672,0.6210405826568604,0.6210405826568604,0.6210405826568604,0.0
14.722515106201172,167.94000244140625,1000.0,71.0,0.8869795203208923,0.019246887415647507,40.0,1.0031023025512695,1.0031023025512695,1.0031023025512695,0.010506612248718739,8.399999933317304e-05,0.5883253216743469,360000.0,-0.1074296310544014,0.02124059945344925,-0.007407755590975285,0.029969438910484314,-0.014975592494010925,1.852583646774292,2.0403950214385986,-0.6833541393280029,17.608989715576172,4446.59228515625,39.3411865234375,21.405723571777344,60.75190734863281,82.30194854736328,0.6295701861381531,0.6295701861381531,0.6295701861381531,0.0
14.395377159118652,174.5800018310547,1000.0,72.0,0.8799487352371216,0.020209206268191338,40.0,1.0043120384216309,1.0043120384216309,1.0043120384216309,0.01072976365685463,8.099999831756577e-05,0.5840553045272827,365000.0,-0.1285993456840515,-0.021169714629650116,-0.039592988789081573,0.028800118714571,-0.0011693201959133148,1.721724271774292,2.8543202877044678,0.8139252662658691,17.898666381835938,4509.1181640625,40.83957290649414,21.646427154541016,62.486000061035156,80.0179214477539,0.6381539702415466,0.6381539702415466,0.6381539702415466,0.0
13.897968292236328,161.4199981689453,1000.0,73.0,0.8745067119598389,0.015209030359983444,40.0,0.9978256821632385,0.9978256821632385,0.9978256821632385,0.009376909583806992,7.79999973019585e-05,0.5807528495788574,370000.0,-0.08752673864364624,0.04107260704040527,-0.11733001470565796,0.023270251229405403,-0.005529867485165596,1.3709492683410645,1.65944242477417,-1.1948778629302979,16.325672149658203,4570.9462890625,40.593177795410156,21.194597244262695,61.78777313232422,80.92215728759766,0.6467087268829346,0.6467087268829346,0.6467087268829346,0.0
14.886343955993652,158.60000610351562,1000.0,74.0,0.8722028136253357,0.01827787049114704,40.0,1.002476453781128,1.002476453781128,1.002476453781128,0.010370029136538506,7.500000356230885e-05,0.579434335231781,375000.0,-0.1306154578924179,-0.04308871924877167,0.039945900440216064,0.0389256551861763,0.015655403956770897,1.8226318359375,2.062227725982666,0.4027853012084961,15.333328247070312,4634.43115234375,41.223052978515625,22.222042083740234,63.44509506225586,78.80830383300781,0.6552217602729797,0.6552217602729797,0.6552217602729797,0.0
15.087109565734863,161.1199951171875,1000.0,75.0,0.8653090000152588,0.01597159542143345,40.0,1.004369854927063,1.004369854927063,1.004369854927063,0.00920784566551447,7.200000254670158e-05,0.5755569338798523,380000.0,-0.09483473002910614,0.03578072786331177,-0.022605109959840775,0.04221431910991669,0.003288663923740387,1.9212263822555542,2.0047645568847656,-0.05746316909790039,16.30965232849121,4694.52294921875,39.37921142578125,20.67413330078125,60.0533447265625,83.25931549072266,0.6637140512466431,0.6637140512466431,0.6637140512466431,0.0
15.55463981628418,167.9600067138672,1000.0,76.0,0.8614787459373474,0.0175861194729805,40.0,1.0000842809677124,1.0000842809677124,1.0000842809677124,0.010285168886184692,6.900000153109431e-05,0.5733138918876648,385000.0,-0.09966962039470673,-0.004834890365600586,-0.02995854988694191,0.02437365986406803,-0.017840659245848656,1.4081045389175415,2.11386775970459,0.10910320281982422,17.281879425048828,4754.37255859375,38.85430145263672,20.949445724487305,59.80374526977539,83.60680389404297,0.6722307205200195,0.6722307205200195,0.6722307205200195,0.0
15.081849098205566,164.82000732421875,1000.0,77.0,0.8608863949775696,0.013790479861199856,40.0,1.0036005973815918,1.0036005973815918,1.0036005973815918,0.009689169935882092,6.600000051548705e-05,0.5729743838310242,390000.0,-0.08636465668678284,0.01330496370792389,0.0944223403930664,0.029699429869651794,0.005325770005583763,1.530782699584961,1.864655613899231,-0.2492121458053589,14.276979446411133,4816.18310546875,40.86432647705078,20.904441833496094,61.768768310546875,80.94705963134766,0.6807514429092407,0.6807514429092407,0.6807514429092407,0.0
14.674493789672852,155.6999969482422,1000.0,78.0,0.8621096014976501,0.015814045444130898,40.0,0.9964406490325928,0.9964406490325928,0.9964406490325928,0.009057221002876759,6.299999949987978e-05,0.5737451910972595,395000.0,-0.08763483166694641,-0.0012701749801635742,0.028935281559824944,0.03133929520845413,0.0016398653388023376,1.7582956552505493,1.6009724140167236,-0.2636831998825073,15.796099662780762,4881.89990234375,43.231754302978516,22.440311431884766,65.67206573486328,76.13587188720703,0.6892211437225342,0.6892211437225342,0.6892211437225342,0.0
14.181949615478516,154.74000549316406,1000.0,79.0,0.8633768558502197,0.0143414456397295,40.0,1.0027565956115723,1.0027565956115723,1.0027565956115723,0.009427562355995178,5.999999848427251e-05,0.5744249224662781,400000.0,-0.10089284181594849,-0.013258010149002075,-0.010736458003520966,0.02389317750930786,-0.007446117699146271,1.4266396760940552,1.9943233728408813,0.3933509588241577,14.473772048950195,4968.37109375,62.57554626464844,23.854934692382812,86.43048095703125,57.84996032714844,0.6976404786109924,0.6976404786109924,0.6976404786109924,0.0
13.617281913757324,153.8000030517578,1000.0,80.0,0.8598641753196716,0.015291732735931873,40.0,1.004244089126587,1.004244089126587,1.004244089126587,0.008997611701488495,5.700000110664405e-05,0.5723589658737183,405000.0,-0.10897819697856903,-0.008085355162620544,-0.06743776053190231,0.04203574359416962,0.018142566084861755,1.4999783039093018,2.0218350887298584,0.02751171588897705,17.1276912689209,5036.71240234375,45.66505432128906,22.632600784301758,68.29765319824219,73.20895385742188,0.706010103225708,0.706010103225708,0.706010103225708,0.0
13.509202003479004,166.77999877929688,1000.0,81.0,0.8562460541725159,0.015190081670880318,40.0,0.9998888969421387,0.9998888969421387,0.9998888969421387,0.009070580825209618,5.400000009103678e-05,0.5703117847442627,410000.0,-0.12608468532562256,-0.017106488347053528,-0.04760534688830376,0.031913891434669495,-0.010121852159500122,1.8235851526260376,2.9220893383026123,0.9002542495727539,17.109344482421875,5102.5576171875,42.548133850097656,23.24751091003418,65.79564666748047,75.99287414550781,0.7144170999526978,0.7144170999526978,0.7144170999526978,0.0
13.521839141845703,169.25999450683594,1000.0,82.0,0.8529362678527832,0.01559313852339983,40.0,0.9986825585365295,0.9986825585365295,0.9986825585365295,0.0091727115213871,5.0999999075429514e-05,0.5685429573059082,415000.0,-0.1333342045545578,-0.007249519228935242,-0.12268252670764923,0.03116612508893013,-0.0007477663457393646,1.7426187992095947,2.8833019733428955,-0.0387873649597168,17.887588500976562,5172.546875,45.60234832763672,24.3365535736084,69.93890380859375,71.490966796875,0.7228742241859436,0.7228742241859436,0.7228742241859436,0.0
14.358760833740234,169.60000610351562,1000.0,83.0,0.8514028191566467,0.012310926802456379,40.0,0.9990940690040588,0.9990940690040588,0.9990940690040588,0.008368467912077904,4.8000001697801054e-05,0.5677042603492737,420000.0,-0.08581550419330597,0.04751870036125183,-0.010111182928085327,0.04169542342424393,0.010529298335313797,2.1669986248016357,2.0339717864990234,-0.8493301868438721,20.067174911499023,5240.70751953125,44.51982498168945,23.603252410888672,68.12307739257812,73.39656829833984,0.7313796877861023,0.7313796877861023,0.7313796877861023,0.0
13.817336082458496,170.5800018310547,1000.0,84.0,0.847743809223175,0.014372364617884159,40.0,1.0028982162475586,1.0028982162475586,1.0028982162475586,0.00881432369351387,4.5000000682193786e-05,0.5656073689460754,425000.0,-0.11357045918703079,-0.027754954993724823,-0.0854223370552063,0.04057779908180237,-0.0011176243424415588,1.816488265991211,2.7407774925231934,0.7068057060241699,19.56938934326172,5308.78369140625,45.198707580566406,22.837509155273438,68.03621673583984,73.49027252197266,0.7399356961250305,0.7399356961250305,0.7399356961250305,0.0
13.15246868133545,168.5800018310547,1000.0,85.0,0.8436197638511658,0.014054539613425732,40.0,0.998314619064331,0.998314619064331,0.998314619064331,0.00887920893728733,4.199999966658652e-05,0.5631555914878845,430000.0,-0.07682196795940399,0.0367484912276268,0.008588826283812523,0.03357171267271042,-0.0070060864090919495,1.7068125009536743,1.678497314453125,-1.0622801780700684,17.191057205200195,5372.8134765625,41.731258392333984,22.251665115356445,63.98493576049805,78.14339447021484,0.7485257983207703,0.7485257983207703,0.7485257983207703,0.0
12.8228120803833,190.0399932861328,1000.0,86.0,0.8427297472953796,0.011695078574120998,40.0,1.001751184463501,1.001751184463501,1.001751184463501,0.008321639150381088,3.899999865097925e-05,0.5625028610229492,435000.0,-0.121070995926857,-0.044249027967453,-0.23302783071994781,0.030938031151890755,-0.002633681520819664,1.5860962867736816,3.183185338973999,1.504688024520874,15.621649742126465,5441.47802734375,45.531436920166016,23.09089469909668,68.62232971191406,72.86257934570312,0.7572797536849976,0.7572797536849976,0.7572797536849976,0.0
12.759105682373047,203.6199951171875,1000.0,87.0,0.8392550945281982,0.010683766566216946,40.0,1.0057189464569092,1.0057189464569092,1.0057189464569092,0.008854587562382221,3.600000127335079e-05,0.560538649559021,440000.0,-0.10591962188482285,0.01515137404203415,-0.07731045037508011,0.02745835855603218,-0.003479672595858574,1.7970062494277954,2.393988609313965,-0.7891967296600342,18.9883975982666,5507.46435546875,42.68658447265625,23.26022720336914,65.94680786132812,75.81867980957031,0.7662631273269653,0.7662631273269653,0.7662631273269653,0.0
12.501840591430664,217.6199951171875,1000.0,88.0,0.835949718952179,0.010819614864885807,40.0,1.0040334463119507,1.0040334463119507,1.0040334463119507,0.008182722143828869,3.300000025774352e-05,0.558755099773407,445000.0,-0.10082646459341049,0.0050931572914123535,0.07867228984832764,0.033756155520677567,0.006297796964645386,1.412634253501892,2.648594856262207,0.2546062469482422,19.967782974243164,5576.92822265625,46.259700775146484,23.160612106323242,69.4203109741211,72.0250244140625,0.7755346894264221,0.7755346894264221,0.7755346894264221,0.0
13.552939414978027,212.97999572753906,1000.0,89.0,0.8361324071884155,0.01143595390021801,40.0,0.999739408493042,0.999739408493042,0.999739408493042,0.008032191544771194,2.9999999242136255e-05,0.5588043928146362,450000.0,-0.08410613983869553,0.016720324754714966,0.10469090193510056,0.041810788214206696,0.008054632693529129,2.0110933780670166,2.1335668563842773,-0.5150279998779297,19.640396118164062,5648.2197265625,48.016075134277344,23.232372283935547,71.24844360351562,70.17697143554688,0.7850349545478821,0.7850349545478821,0.7850349545478821,0.0
13.375007629394531,208.5399932861328,1000.0,90.0,0.8364095091819763,0.011376947164535522,40.0,1.0003849267959595,1.0003849267959595,1.0003849267959595,0.007332222070544958,2.700000004551839e-05,0.5588838458061218,455000.0,-0.08728614449501038,-0.00318000465631485,-0.10594590753316879,0.02491685189306736,-0.016893936321139336,1.8104681968688965,2.03703236579895,-0.09653449058532715,19.466238021850586,5719.14453125,46.697818756103516,24.170921325683594,70.86873626708984,70.55297088623047,0.7947123050689697,0.7947123050689697,0.7947123050689697,0.0
13.778288841247559,198.6999969482422,1000.0,91.0,0.8345451354980469,0.01083573792129755,40.0,1.0032542943954468,1.0032542943954468,1.0032542943954468,0.00798424705862999,2.4000000848900527e-05,0.557840883731842,460000.0,-0.08333306014537811,0.003953084349632263,0.0870436355471611,0.029981743544340134,0.005064891651272774,2.0135080814361572,2.1007227897644043,0.0636904239654541,17.058263778686523,5787.91943359375,45.82630920410156,22.90420150756836,68.73051452636719,72.74789428710938,0.8044887781143188,0.8044887781143188,0.8044887781143188,0.0
13.507684707641602,191.94000244140625,1000.0,92.0,0.8288909792900085,0.009852764196693897,40.0,1.0054315328598022,1.0054315328598022,1.0054315328598022,0.007807577960193157,2.099999983329326e-05,0.5546947717666626,465000.0,-0.09422863274812698,-0.01089557260274887,0.10846556723117828,0.03379124030470848,0.003809496760368347,1.3155691623687744,3.416970729827881,1.3162479400634766,16.410728454589844,5851.04833984375,41.347469329833984,21.743104934692383,63.090572357177734,79.25114440917969,0.8143132328987122,0.8143132328987122,0.8143132328987122,0.0
12.856224060058594,191.47999572753906,1000.0,93.0,0.8247101306915283,0.009851274080574512,40.0,1.0007421970367432,1.0007421970367432,1.0007421970367432,0.007563598453998566,1.8000000636675395e-05,0.5523936748504639,470000.0,-0.065204918384552,0.02902371436357498,-0.07888797670602798,0.028426246717572212,-0.005364993587136269,1.5876024961471558,2.044361114501953,-1.3726096153259277,15.645207405090332,5919.0517578125,45.0676155090332,22.890661239624023,67.9582748413086,73.57455444335938,0.8241778016090393,0.8241778016090393,0.8241778016090393,0.0
12.302961349487305,190.60000610351562,1000.0,94.0,0.8254959583282471,0.009316842071712017,40.0,1.0024118423461914,1.0024118423461914,1.0024118423461914,0.007276938296854496,1.4999999621068127e-05,0.5528615713119507,475000.0,-0.09104569256305695,-0.025840774178504944,-0.07563944160938263,0.03812078386545181,0.0096945371478796,1.1687726974487305,2.0269124507904053,-0.01744866371154785,18.157825469970703,5994.93017578125,51.72052001953125,24.113054275512695,75.83357238769531,65.9338607788086,0.8340729475021362,0.8340729475021362,0.8340729475021362,0.0
12.751559257507324,202.39999389648438,1000.0,95.0,0.8249803781509399,0.008099365048110485,40.0,0.9976168274879456,0.9976168274879456,0.9976168274879456,0.006624716799706221,1.2000000424450263e-05,0.552609920501709,480000.0,-0.07650300860404968,0.014542683959007263,0.03366975858807564,0.026446258649230003,-0.01167452521622181,1.4938437938690186,2.390507698059082,0.36359524726867676,15.891378402709961,6061.7255859375,43.84577560424805,22.91062355041504,66.75640106201172,74.89918518066406,0.8440660238265991,0.8440660238265991,0.8440660238265991,0.0
12.661276817321777,185.13999938964844,1000.0,96.0,0.8237931728363037,0.007548192515969276,40.0,0.9984387159347534,0.9984387159347534,0.9984387159347534,0.006167244631797075,9.000000318337698e-06,0.5520092844963074,485000.0,-0.05958853289484978,0.016914475709199905,-0.07154598832130432,0.029274072498083115,0.0028278138488531113,1.3674794435501099,3.5573902130126953,1.1668825149536133,17.99459457397461,6129.95458984375,44.04983901977539,24.138065338134766,68.18790435791016,73.32678985595703,0.8540427088737488,0.8540427088737488,0.8540427088737488,0.0
12.455318450927734,174.4199981689453,1000.0,97.0,0.8241490125656128,0.006567933596670628,40.0,1.0002615451812744,1.0002615451812744,1.0002615451812744,0.005938708316534758,6.000000212225132e-06,0.5522367358207703,490000.0,-0.055485889315605164,0.004102643579244614,0.1374237984418869,0.022104136645793915,-0.0071699358522892,1.498532772064209,2.081178903579712,-1.4762113094329834,19.86141014099121,6196.9140625,43.69623947143555,23.222871780395508,66.91911315917969,74.71707153320312,0.8639395833015442,0.8639395833015442,0.8639395833015442,0.0
11.98961067199707,159.83999633789062,1000.0,98.0,0.8249015808105469,0.0071684569120407104,40.0,0.999521017074585,0.999521017074585,0.999521017074585,0.006291320081800222,3.000000106112566e-06,0.5526730418205261,495000.0,-0.04635998234152794,0.009125906974077225,0.010154925286769867,0.023310506716370583,0.0012063700705766678,1.4684981107711792,2.221381664276123,0.14020276069641113,18.41474151611328,6266.2216796875,46.194923400878906,23.06765365600586,69.2625732421875,72.18905639648438,0.8736752867698669,0.8736752867698669,0.8736752867698669,0.0
11.112788200378418,180.02000427246094,1000.0,99.0,0.8258187770843506,0.005385007243603468,40.0,1.0009949207305908,1.0009949207305908,1.0009949207305908,0.005581874866038561,0.0,0.5531997084617615,500000.0,-0.056612949818372726,-0.010252967476844788,-0.057014092803001404,0.027957497164607048,0.0046469904482364655,1.5019246339797974,2.75020694732666,0.5288252830505371,17.074371337890625,6329.5673828125,41.76381301879883,21.53658676147461,63.30039978027344,78.98844146728516,0.8833915591239929,0.8833915591239929,0.8833915591239929,0.0
