Metrics/EpRet,Metrics/EpCost,Metrics/EpLen,Train/Epoch,Train/Entropy,Train/KL,Train/StopIter,Train/PolicyRatio,Train/PolicyRatio/Min,Train/PolicyRatio/Max,Train/PolicyRatio/Std,Train/LR,Train/PolicyStd,TotalEnvSteps,Loss/Loss_pi,Loss/Loss_pi/Delta,Value/Adv,Loss/Loss_reward_critic,Loss/Loss_reward_critic/Delta,Value/reward,Time/Total,Time/Rollout,Time/Update,Time/Epoch,Time/FPS
-0.9950053095817566,46.20000076293945,1000.0,0.0,1.4108374118804932,0.013906177133321762,40.0,0.9999774694442749,0.9999774694442749,0.9999774694442749,0.009169857017695904,0.0002969999914057553,0.9919673204421997,5000.0,-0.021386360749602318,-0.021386360749602318,0.11265526711940765,0.016508478671312332,0.016508478671312332,0.15435166656970978,34.92774200439453,24.745159149169922,10.178213119506836,34.923370361328125,143.17059326171875
-0.5003690719604492,54.099998474121094,1000.0,1.0,1.393449306488037,0.015703387558460236,40.0,0.9993401169776917,0.9993401169776917,0.9993401169776917,0.009112433530390263,0.00029399999766610563,0.9750238060951233,10000.0,-0.020878257229924202,0.0005081035196781158,-0.018278837203979492,0.004549539182335138,-0.011958939488977194,0.1190967783331871,70.62026977539062,25.21192741394043,10.460464477539062,35.672393798828125,140.16441345214844
0.3072284162044525,47.266666412353516,1000.0,2.0,1.3562127351760864,0.018682196736335754,40.0,0.9982931017875671,0.9982931017875671,0.9982931017875671,0.010468488559126854,0.000291000003926456,0.9393174052238464,15000.0,-0.024674493819475174,-0.003796236589550972,0.025256820023059845,0.004347458016127348,-0.00020208116620779037,0.1527969241142273,106.52874755859375,25.319480895996094,10.572182655334473,35.89166259765625,139.30812072753906
0.8207434415817261,104.55000305175781,1000.0,3.0,1.3366910219192505,0.013283265754580498,40.0,0.9998000860214233,0.9998000860214233,0.9998000860214233,0.009180574677884579,0.0002880000101868063,0.921072781085968,20000.0,-0.021073641255497932,0.0036008525639772415,-0.11026307940483093,0.0047761802561581135,0.00042872224003076553,0.20284713804721832,142.7641143798828,25.648042678833008,10.567527770996094,36.215572357177734,138.06216430664062
1.2424509525299072,89.76000213623047,1000.0,4.0,1.3160338401794434,0.018933605402708054,40.0,0.9938177466392517,0.9938177466392517,0.9938177466392517,0.010168544016778469,0.0002849999873433262,0.9022324085235596,25000.0,-0.02635672502219677,-0.005283083766698837,0.0026782576460391283,0.0074499910697340965,0.002673810813575983,0.15498997271060944,180.96826171875,26.98788833618164,11.194732666015625,38.182621002197266,130.9496307373047
1.7184947729110718,111.69999694824219,1000.0,5.0,1.2909377813339233,0.01652136817574501,40.0,0.9981191158294678,0.9981191158294678,0.9981191158294678,0.010226286947727203,0.00028199999360367656,0.879879355430603,30000.0,-0.02572455443441868,0.0006321705877780914,-0.07083174586296082,0.0071835205890238285,-0.000266470480710268,0.3125074803829193,218.87391662597656,26.55903434753418,11.323534965515137,37.882568359375,131.98683166503906
2.085430145263672,119.97142791748047,1000.0,6.0,1.2557203769683838,0.019292574375867844,40.0,1.0012426376342773,1.0012426376342773,1.0012426376342773,0.00986473448574543,0.0002789999998640269,0.8494489789009094,35000.0,-0.030429162085056305,-0.004704607650637627,0.08699443191289902,0.006842362228780985,-0.00034115836024284363,0.26816585659980774,257.39630126953125,27.181148529052734,11.322305679321289,38.50345230102539,129.85848999023438
2.409882068634033,118.07499694824219,1000.0,7.0,1.2269788980484009,0.017163854092359543,40.0,0.995374858379364,0.995374858379364,0.995374858379364,0.009963965974748135,0.00027600000612437725,0.8253785967826843,40000.0,-0.030746543779969215,-0.00031738169491291046,0.017742816358804703,0.007517984602600336,0.0006756223738193512,0.38592591881752014,303.7809753417969,29.188106536865234,17.174341201782227,46.36244583129883,107.84590148925781
2.883056402206421,117.04444122314453,1000.0,8.0,1.1942824125289917,0.02078663557767868,34.0,1.0003114938735962,1.0003114938735962,1.0003114938735962,0.010605774819850922,0.0002730000123847276,0.7988506555557251,45000.0,-0.02899622544646263,0.0017503183335065842,-0.014723395928740501,0.013499950990080833,0.005981966387480497,0.3915282189846039,341.8298034667969,28.23555564880371,9.785075187683105,38.0206298828125,131.50755310058594
3.1861650943756104,125.73999786376953,1000.0,9.0,1.1618331670761108,0.022272294387221336,35.0,0.9972783327102661,0.9972783327102661,0.9972783327102661,0.010092085227370262,0.0002699999895412475,0.7733327150344849,50000.0,-0.02908705547451973,-9.083002805709839e-05,-0.045953720808029175,0.011473611928522587,-0.0020263390615582466,0.3839973211288452,382.5643615722656,27.738269805908203,12.976366996765137,40.714637756347656,122.80595397949219
3.665109157562256,153.24000549316406,1000.0,10.0,1.1398215293884277,0.019665313884615898,40.0,0.9960436820983887,0.9960436820983887,0.9960436820983887,0.01034966018050909,0.00026699999580159783,0.7564986348152161,55000.0,-0.03229557350277901,-0.0032085180282592773,0.17226174473762512,0.007788556627929211,-0.003685055300593376,0.21585507690906525,433.0921325683594,33.08138656616211,17.408613204956055,50.4900016784668,99.02951049804688
4.48686408996582,161.55999755859375,1000.0,11.0,1.119465708732605,0.021692728623747826,24.0,0.9974492192268372,0.9974492192268372,0.9974492192268372,0.010548374615609646,0.0002640000020619482,0.741347074508667,60000.0,-0.030840836465358734,0.0014547370374202728,-0.1564454436302185,0.012882274575531483,0.005093717947602272,0.570015549659729,467.27227783203125,27.18819236755371,6.970009803771973,34.1631965637207,146.3563232421875
5.105758190155029,175.27999877929688,1000.0,12.0,1.094599962234497,0.020153285935521126,39.0,0.996464729309082,0.996464729309082,0.996464729309082,0.01046755164861679,0.0002610000083222985,0.7231369614601135,65000.0,-0.034265466034412384,-0.00342462956905365,-0.03463991731405258,0.011356713250279427,-0.0015255613252520561,0.505717933177948,512.150146484375,28.463092803955078,16.39471435546875,44.85780715942383,111.46331787109375
5.680547714233398,176.67999267578125,1000.0,13.0,1.0641448497772217,0.020250771194696426,22.0,0.9992625713348389,0.9992625713348389,0.9992625713348389,0.009465239942073822,0.0002579999854788184,0.7014161348342896,70000.0,-0.029781857505440712,0.004483608528971672,0.04647097736597061,0.011239329352974892,-0.00011738389730453491,0.6205191612243652,553.600341796875,31.64725685119629,9.713923454284668,41.36117935180664,120.88629913330078
6.352285385131836,197.39999389648438,1000.0,14.0,1.0378903150558472,0.02118368074297905,27.0,1.0002578496932983,1.0002578496932983,1.0002578496932983,0.010176231153309345,0.00025499999173916876,0.6831837892532349,75000.0,-0.034290168434381485,-0.004508310928940773,-0.277748167514801,0.01111132837831974,-0.00012800097465515137,0.6833338141441345,588.6553344726562,27.330402374267578,7.695204734802246,35.02560806274414,142.75270080566406
6.682292461395264,188.9600067138672,1000.0,15.0,1.0147829055786133,0.023403387516736984,22.0,0.9980173707008362,0.9980173707008362,0.9980173707008362,0.010909858159720898,0.0002519999979995191,0.6675595641136169,80000.0,-0.02621784806251526,0.008072320371866226,-0.15482737123966217,0.011733477003872395,0.0006221486255526543,0.6056036949157715,626.7354736328125,28.728973388671875,9.329272270202637,38.05824661254883,131.37757873535156
7.21084451675415,197.6999969482422,1000.0,16.0,0.987903892993927,0.02078167535364628,29.0,0.9996138215065002,0.9996138215065002,0.9996138215065002,0.010373291559517384,0.00024900000425986946,0.6498953700065613,85000.0,-0.03194086253643036,-0.0057230144739151,-0.1738644391298294,0.011969680897891521,0.0002362038940191269,0.7058968544006348,671.4031372070312,31.719078063964844,12.920300483703613,44.63937759399414,112.00872802734375
7.500229358673096,212.1199951171875,1000.0,17.0,0.9746347069740295,0.021173693239688873,21.0,0.9975811839103699,0.9975811839103699,0.9975811839103699,0.011237408965826035,0.0002460000105202198,0.641287088394165,90000.0,-0.02889886125922203,0.0030420012772083282,0.2908218801021576,0.016155986115336418,0.004186305217444897,0.7731197476387024,707.9727783203125,30.59105682373047,5.949396133422852,36.54045104980469,136.83465576171875
7.909965991973877,222.27999877929688,1000.0,18.0,0.9511587023735046,0.020479856058955193,19.0,0.9987050294876099,0.9987050294876099,0.9987050294876099,0.009568514302372932,0.00024300000222865492,0.626417875289917,95000.0,-0.029285743832588196,-0.00038688257336616516,0.12416083365678787,0.016583170741796494,0.0004271846264600754,0.8448132872581482,743.673583984375,27.99987030029297,7.68276834487915,35.682640075683594,140.12416076660156
8.410472869873047,227.1199951171875,1000.0,19.0,0.9299333095550537,0.021245025098323822,33.0,0.9959326386451721,0.9959326386451721,0.9959326386451721,0.010576294735074043,0.00023999999393709004,0.6132457256317139,100000.0,-0.03460701182484627,-0.005321267992258072,0.001367909018881619,0.01679370179772377,0.0002105310559272766,0.9758785367012024,790.93505859375,32.14801788330078,15.084802627563477,47.23381805419922,105.85636138916016
9.518909454345703,209.17999267578125,1000.0,20.0,0.9099437594413757,0.0217449851334095,27.0,1.0024229288101196,1.0024229288101196,1.0024229288101196,0.009593065828084946,0.00023700000019744039,0.6011139750480652,105000.0,-0.03497720882296562,-0.00037019699811935425,0.09865379333496094,0.017350472509860992,0.0005567707121372223,1.1641995906829834,836.0746459960938,33.07473373413086,12.032567977905273,45.107303619384766,110.8468017578125
9.810239791870117,222.67999267578125,1000.0,21.0,0.8924049139022827,0.024186233058571815,22.0,1.000410795211792,1.000410795211792,1.000410795211792,0.010786239057779312,0.00023400000645779073,0.5906571745872498,110000.0,-0.027381885796785355,0.007595323026180267,0.052499543875455856,0.017315560951828957,-3.491155803203583e-05,1.1651020050048828,870.7396850585938,28.083736419677734,6.549504280090332,34.63323974609375,144.36997985839844
10.023447036743164,229.75999450683594,1000.0,22.0,0.874164879322052,0.02022181637585163,28.0,0.9970207214355469,0.9970207214355469,0.9970207214355469,0.010372205637395382,0.00023099999816622585,0.5799962878227234,115000.0,-0.034589726477861404,-0.00720784068107605,-0.054960232228040695,0.01886969991028309,0.001554138958454132,0.9143572449684143,911.556396484375,28.876832962036133,11.917606353759766,40.79444122314453,122.56572723388672
10.572530746459961,210.3800048828125,1000.0,23.0,0.8476123213768005,0.022106140851974487,25.0,1.001281499862671,1.001281499862671,1.001281499862671,0.01007035281509161,0.0002280000044265762,0.5648278594017029,120000.0,-0.030132649466395378,0.004457077011466026,-0.03974314406514168,0.01921849511563778,0.00034879520535469055,1.259337306022644,954.2327270507812,31.67409324645996,10.973966598510742,42.64905548095703,117.23588562011719
10.769550323486328,215.25999450683594,1000.0,24.0,0.8324234485626221,0.02033410593867302,28.0,0.9989787340164185,0.9989787340164185,0.9989787340164185,0.010845334269106388,0.00022499999613501132,0.5562955141067505,125000.0,-0.032477159053087234,-0.0023445095866918564,0.07443122565746307,0.020791497081518173,0.001573001965880394,1.1781784296035767,998.4069213867188,31.754913330078125,12.390430450439453,44.14534378051758,113.26222229003906
10.874930381774902,228.86000061035156,1000.0,25.0,0.8137354850769043,0.020604170858860016,27.0,0.9972515106201172,0.9972515106201172,0.9972515106201172,0.010677624493837357,0.00022200000239536166,0.5459903478622437,130000.0,-0.031081732362508774,0.0013954266905784607,-0.10457450151443481,0.021168306469917297,0.00037680938839912415,1.111208438873291,1038.6309814453125,29.76176643371582,10.432516098022461,40.19428253173828,124.39580535888672
11.609659194946289,215.83999633789062,1000.0,26.0,0.7998007535934448,0.02139810100197792,21.0,0.9976932406425476,0.9976932406425476,0.9976932406425476,0.010271868668496609,0.00021899999410379678,0.5384125113487244,135000.0,-0.030539115890860558,0.0005426164716482162,0.030550630763173103,0.02128223516047001,0.00011392869055271149,1.4531939029693604,1079.9224853515625,31.267412185668945,9.997909545898438,41.26531982421875,121.16712188720703
12.264814376831055,214.1199951171875,1000.0,27.0,0.780247151851654,0.021024735644459724,28.0,0.9966238737106323,0.9966238737106323,0.9966238737106323,0.010506296530365944,0.00021600000036414713,0.5280088782310486,140000.0,-0.03552659600973129,-0.004987480118870735,0.2429477721452713,0.018304532393813133,-0.0029777027666568756,1.3403748273849487,1130.9429931640625,36.66324234008789,14.32280445098877,50.98704528808594,98.06412506103516
12.263435363769531,215.75999450683594,1000.0,28.0,0.7640484571456909,0.02001018635928631,20.0,0.9937390089035034,0.9937390089035034,0.9937390089035034,0.010801589116454124,0.00021300000662449747,0.5195518732070923,145000.0,-0.02724497951567173,0.008281616494059563,-0.07983299344778061,0.019501300528645515,0.0011967681348323822,1.121359944343567,1170.72119140625,33.781558990478516,5.9660797119140625,39.74763870239258,125.79364013671875
11.773229598999023,211.72000122070312,1000.0,29.0,0.7468856573104858,0.020610995590686798,24.0,0.9978986978530884,0.9978986978530884,0.9978986978530884,0.010122746229171753,0.0002099999983329326,0.5107069611549377,150000.0,-0.02959921769797802,-0.0023542381823062897,0.04909776523709297,0.01989285834133625,0.00039155781269073486,0.8405933380126953,1210.9010009765625,29.551067352294922,10.605513572692871,40.15658187866211,124.51258850097656
12.067852973937988,203.3000030517578,1000.0,30.0,0.7256596088409424,0.020081384107470512,21.0,0.996088445186615,0.996088445186615,0.996088445186615,0.011130108498036861,0.00020700000459328294,0.49995750188827515,155000.0,-0.030004138126969337,-0.00040492042899131775,-0.10341084003448486,0.027529235929250717,0.007636377587914467,1.3542068004608154,1256.1375732421875,33.38515090942383,11.820898056030273,45.20604705810547,110.60466766357422
12.542778015136719,192.1999969482422,1000.0,31.0,0.7102983593940735,0.020105896517634392,20.0,1.0009289979934692,1.0009289979934692,1.0009289979934692,0.011057945899665356,0.00020399999630171806,0.4923350512981415,160000.0,-0.03208955377340317,-0.0020854156464338303,-0.06947381049394608,0.025490999221801758,-0.0020382367074489594,1.3878792524337769,1303.898193359375,38.306636810302734,9.41680908203125,47.723445892333984,104.77030181884766
12.904397964477539,186.66000366210938,1000.0,32.0,0.6949527263641357,0.021065158769488335,29.0,0.9982804656028748,0.9982804656028748,0.9982804656028748,0.011817509308457375,0.0002010000025620684,0.48487138748168945,165000.0,-0.035750485956668854,-0.003660932183265686,-0.03206668421626091,0.01817150041460991,-0.007319498807191849,1.399201512336731,1354.099853515625,36.397579193115234,13.775876998901367,50.173458099365234,99.65428161621094
13.050895690917969,191.5399932861328,1000.0,33.0,0.6764721870422363,0.020138008520007133,21.0,0.9965449571609497,0.9965449571609497,0.9965449571609497,0.010349885560572147,0.00019799999427050352,0.4760127067565918,170000.0,-0.031009044498205185,0.004741441458463669,0.07138169556856155,0.024975841864943504,0.006804341450333595,1.4608570337295532,1396.201904296875,32.58924865722656,9.479700088500977,42.06895065307617,118.85250091552734
13.177103042602539,181.4199981689453,1000.0,34.0,0.6565569639205933,0.020514098927378654,23.0,1.0009042024612427,1.0009042024612427,1.0009042024612427,0.011531402356922626,0.00019500000053085387,0.466653972864151,175000.0,-0.033624012023210526,-0.0026149675250053406,0.04676271975040436,0.02226770482957363,-0.002708137035369873,1.4242607355117798,1444.7967529296875,37.41935729980469,11.143407821655273,48.562767028808594,102.95954132080078
13.879498481750488,174.52000427246094,1000.0,35.0,0.6394869089126587,0.020195188000798225,25.0,0.9979931712150574,0.9979931712150574,0.9979931712150574,0.011342098005115986,0.00019200000679120421,0.45882928371429443,180000.0,-0.031138254329562187,0.0024857576936483383,-0.016406279057264328,0.026158777996897697,0.003891073167324066,1.5199759006500244,1492.6771240234375,36.51603317260742,11.334423065185547,47.852474212646484,104.48780822753906
13.49133586883545,188.10000610351562,1000.0,36.0,0.6231487989425659,0.021576153114438057,19.0,0.9968497157096863,0.9968497157096863,0.9968497157096863,0.010391291230916977,0.00018899999849963933,0.45139798521995544,185000.0,-0.02699168585240841,0.004146568477153778,-0.02226550132036209,0.02205544523894787,-0.004103332757949829,1.4718846082687378,1534.0357666015625,34.62363052368164,6.704740524291992,41.328372955322266,120.98226165771484
13.388754844665527,182.89999389648438,1000.0,37.0,0.6061569452285767,0.020219482481479645,20.0,0.9981046915054321,0.9981046915054321,0.9981046915054321,0.010851213708519936,0.00018600000475998968,0.4437878429889679,190000.0,-0.02842428721487522,-0.0014326013624668121,0.18290314078330994,0.026059744879603386,0.004004299640655518,1.446306586265564,1575.8857421875,32.05595779418945,9.777310371398926,41.83326721191406,119.52210235595703
14.547411918640137,177.89999389648438,1000.0,38.0,0.5918073058128357,0.020271334797143936,18.0,0.996504545211792,0.996504545211792,0.996504545211792,0.010209661908447742,0.0001829999964684248,0.4374415874481201,195000.0,-0.02944532223045826,-0.0010210350155830383,-0.007004007697105408,0.026199467480182648,0.00013972260057926178,1.7946816682815552,1620.7271728515625,36.173465728759766,8.636780738830566,44.81024932861328,111.58161926269531
15.52552604675293,180.63999938964844,1000.0,39.0,0.5798371434211731,0.02020605280995369,17.0,0.9998307228088379,0.9998307228088379,0.9998307228088379,0.010749038308858871,0.00018000000272877514,0.43224868178367615,200000.0,-0.02646562270820141,0.002979699522256851,0.015274044126272202,0.023442598059773445,-0.0027568694204092026,1.6284139156341553,1667.130126953125,38.22237014770508,8.144185066223145,46.366554260253906,107.83634948730469
15.450958251953125,195.5800018310547,1000.0,40.0,0.5649452209472656,0.020366543903946877,18.0,0.9961504340171814,0.9961504340171814,0.9961504340171814,0.011525020934641361,0.00017699999443721026,0.42587578296661377,205000.0,-0.030388562008738518,-0.003922939300537109,-0.1389058530330658,0.028396759182214737,0.004954161122441292,1.603009819984436,1710.5592041015625,34.88934326171875,8.507184028625488,43.39652633666992,115.21659851074219
15.642525672912598,192.1199951171875,1000.0,41.0,0.5521078705787659,0.020174317061901093,29.0,0.9966708421707153,0.9966708421707153,0.9966708421707153,0.009858810342848301,0.0001740000006975606,0.4204254746437073,210000.0,-0.03630758449435234,-0.005919022485613823,0.08684808015823364,0.02014065533876419,-0.008256103843450546,1.7899959087371826,1760.1527099609375,36.42766571044922,13.134903907775879,49.563568115234375,100.88055419921875
15.571732521057129,199.94000244140625,1000.0,42.0,0.5393045544624329,0.020347990095615387,23.0,0.9965131878852844,0.9965131878852844,0.9965131878852844,0.009892086498439312,0.00017100000695791095,0.41508299112319946,215000.0,-0.029494935646653175,0.006812648847699165,-0.021139001473784447,0.024844761937856674,0.0047041065990924835,1.5884267091751099,1799.7276611328125,32.10938262939453,7.378264904022217,39.487648010253906,126.62187957763672
16.003707885742188,201.17999267578125,1000.0,43.0,0.5227259397506714,0.021420778706669807,23.0,0.998962938785553,0.998962938785553,0.998962938785553,0.010610796511173248,0.00016799999866634607,0.40829819440841675,220000.0,-0.03395408019423485,-0.004459144547581673,0.052878495305776596,0.028844410553574562,0.003999648615717888,1.8654674291610718,1841.0726318359375,30.955249786376953,10.363025665283203,41.318275451660156,121.01182556152344
16.54400634765625,195.67999267578125,1000.0,44.0,0.502930760383606,0.020786887034773827,24.0,0.996565043926239,0.996565043926239,0.996565043926239,0.010218479670584202,0.00016500000492669642,0.40024593472480774,225000.0,-0.03450535237789154,-0.0005512721836566925,0.07510267198085785,0.02147330716252327,-0.007371103391051292,1.7817074060440063,1889.9383544921875,37.21201705932617,11.62220287322998,48.83422088623047,102.38721466064453
16.220172882080078,194.77999877929688,1000.0,45.0,0.4894295632839203,0.020087989047169685,19.0,0.996306300163269,0.996306300163269,0.996306300163269,0.009478505700826645,0.00016199999663513154,0.39485374093055725,230000.0,-0.0250550527125597,0.00945029966533184,-0.07544419169425964,0.022121457383036613,0.0006481502205133438,1.4725152254104614,1932.580810546875,33.989009857177734,8.62083911895752,42.60984802246094,117.34376525878906
16.851598739624023,183.27999877929688,1000.0,46.0,0.4754776060581207,0.02052653208374977,28.0,0.9980424046516418,0.9980424046516418,0.9980424046516418,0.010717486962676048,0.00015900000289548188,0.389442503452301,235000.0,-0.033741261810064316,-0.008686209097504616,-0.0460960790514946,0.024718955159187317,0.0025974977761507034,1.9878363609313965,1979.1226806640625,33.860450744628906,12.646849632263184,46.507301330566406,107.51000213623047
17.187232971191406,194.0,1000.0,47.0,0.463519424200058,0.02063632570207119,24.0,0.9984862208366394,0.9984862208366394,0.9984862208366394,0.010555899702012539,0.000155999994603917,0.38487884402275085,240000.0,-0.03347177803516388,0.0002694837749004364,-0.026536446064710617,0.02072225697338581,-0.003996698185801506,1.765226125717163,2022.9403076171875,33.08039093017578,10.707921028137207,43.78831100463867,114.18572235107422
16.347509384155273,191.13999938964844,1000.0,48.0,0.44764232635498047,0.020197564736008644,25.0,0.9981472492218018,0.9981472492218018,0.9981472492218018,0.010476253926753998,0.00015300000086426735,0.3788646161556244,245000.0,-0.030723676085472107,0.0027481019496917725,-0.1713085174560547,0.026025302708148956,0.0053030457347631454,1.6849732398986816,2065.914306640625,31.95075035095215,10.996099472045898,42.94684982299805,116.4229736328125
16.506834030151367,187.52000427246094,1000.0,49.0,0.429057776927948,0.020433496683835983,23.0,0.9969673752784729,0.9969673752784729,0.9969673752784729,0.011013303883373737,0.0001500000071246177,0.3719354271888733,250000.0,-0.031968340277671814,-0.001244664192199707,0.09728804230690002,0.02757137082517147,0.0015460681170225143,1.8166738748550415,2103.725830078125,31.045969009399414,6.7344794273376465,37.78044891357422,132.3435821533203
16.64675521850586,187.22000122070312,1000.0,50.0,0.41462230682373047,0.021178212016820908,13.0,1.0008983612060547,1.0008983612060547,1.0008983612060547,0.00995971355587244,0.00014699999883305281,0.3666740953922272,255000.0,-0.020875701680779457,0.011092638596892357,-0.044336285442113876,0.03559321165084839,0.008021840825676918,1.980628490447998,2137.826171875,28.640295028686523,5.431317329406738,34.07161331176758,146.74972534179688
16.56671714782715,193.0399932861328,1000.0,51.0,0.3971500098705292,0.021930698305368423,27.0,0.9961615800857544,0.9961615800857544,0.9961615800857544,0.010361057706177235,0.00014400000509340316,0.3604334592819214,260000.0,-0.03501617908477783,-0.014140477403998375,-0.030386462807655334,0.02970791608095169,-0.005885295569896698,1.8448816537857056,2181.718994140625,31.771989822387695,12.091946601867676,43.86393737792969,113.98885345458984
17.42076873779297,191.0399932861328,1000.0,52.0,0.3787781596183777,0.020799430087208748,22.0,0.9981731176376343,0.9981731176376343,0.9981731176376343,0.011124616488814354,0.00014099999680183828,0.35396096110343933,265000.0,-0.03505457565188408,-3.839656710624695e-05,-0.10882490873336792,0.026230638846755028,-0.003477277234196663,2.0180702209472656,2224.7265625,33.211605072021484,9.76833724975586,42.979942321777344,116.33333587646484
17.573741912841797,200.55999755859375,1000.0,53.0,0.3689080476760864,0.0210824403911829,19.0,0.9971401691436768,0.9971401691436768,0.9971401691436768,0.010333712212741375,0.00013800000306218863,0.35049134492874146,270000.0,-0.03128319978713989,0.0037713758647441864,-0.08070702850818634,0.023236991837620735,-0.0029936470091342926,2.051755428314209,2266.218505859375,32.95722961425781,8.504266738891602,41.46149444580078,120.59381866455078
17.686098098754883,205.05999755859375,1000.0,54.0,0.3571256101131439,0.02089584991335869,27.0,0.9939403533935547,0.9939403533935547,0.9939403533935547,0.010735349729657173,0.00013499999477062374,0.34641891717910767,275000.0,-0.030947795137763023,0.0003354046493768692,-0.07281497865915298,0.029185201972723007,0.005948210135102272,1.982135534286499,2313.18212890625,33.921051025390625,13.012796401977539,46.93384552001953,106.53292083740234
17.800434112548828,228.77999877929688,1000.0,55.0,0.34216079115867615,0.02274676039814949,25.0,0.9949572086334229,0.9949572086334229,0.9949572086334229,0.010762603022158146,0.0001320000010309741,0.34130001068115234,280000.0,-0.03497050330042839,-0.004022708162665367,-0.04442441090941429,0.020541353151202202,-0.008643848821520805,1.7834919691085815,2361.91259765625,36.846195220947266,11.852410316467285,48.6986083984375,102.6723403930664
17.649259567260742,230.60000610351562,1000.0,56.0,0.3293561637401581,0.02033613808453083,25.0,0.9966843128204346,0.9966843128204346,0.9966843128204346,0.01090057659894228,0.0001289999927394092,0.33697038888931274,285000.0,-0.034419212490320206,0.0005512908101081848,-0.0030326072592288256,0.025407928973436356,0.004866575822234154,1.9924736022949219,2409.274169921875,35.599334716796875,11.732573509216309,47.331905364990234,105.6369857788086
17.807453155517578,234.9199981689453,1000.0,57.0,0.31665733456611633,0.020581690594553947,20.0,0.997740626335144,0.997740626335144,0.997740626335144,0.010206330567598343,0.00012599999899975955,0.3327735960483551,290000.0,-0.031492237001657486,0.0029269754886627197,0.05121908336877823,0.02546769566833973,5.976669490337372e-05,1.9069892168045044,2454.18115234375,36.103153228759766,8.774866104125977,44.87801742553711,111.41311645507812
17.897871017456055,233.75999450683594,1000.0,58.0,0.3003119230270386,0.020162714645266533,23.0,0.997571587562561,0.997571587562561,0.997571587562561,0.011104397475719452,0.0001230000052601099,0.32739904522895813,295000.0,-0.03332487866282463,-0.0018326416611671448,-0.09980068355798721,0.02400396764278412,-0.0014637280255556107,1.7431113719940186,2492.103759765625,30.801509857177734,7.091693878173828,37.89320373535156,131.9497833251953
17.384910583496094,241.36000061035156,1000.0,59.0,0.28746241331100464,0.020405607298016548,17.0,1.0007113218307495,1.0007113218307495,1.0007113218307495,0.0101414043456316,0.00011999999696854502,0.32316315174102783,300000.0,-0.028887495398521423,0.004437383264303207,-0.01914946548640728,0.02767912857234478,0.0036751609295606613,1.6417627334594727,2530.78466796875,31.42400550842285,7.232110023498535,38.6561164855957,129.34564208984375
17.172931671142578,244.32000732421875,1000.0,60.0,0.27706968784332275,0.020361168310046196,25.0,0.9982088804244995,0.9982088804244995,0.9982088804244995,0.010630004107952118,0.00011700000322889537,0.31975257396698,305000.0,-0.034158091992139816,-0.005270596593618393,-0.07661452889442444,0.028786854818463326,0.0011077262461185455,1.8600369691848755,2573.96435546875,32.21373748779297,10.933838844299316,43.147579193115234,115.88136291503906
17.766437530517578,236.33999633789062,1000.0,61.0,0.2654666602611542,0.020097726956009865,26.0,1.0003446340560913,1.0003446340560913,1.0003446340560913,0.011083375662565231,0.0001140000022132881,0.31611672043800354,310000.0,-0.03398129343986511,0.00017679855227470398,-0.21519581973552704,0.030069943517446518,0.0012830886989831924,2.103037118911743,2617.7509765625,32.213871002197266,11.543254852294922,43.75712585449219,114.26710510253906
17.506200790405273,234.5800018310547,1000.0,62.0,0.2533733546733856,0.020075958222150803,27.0,0.9981338977813721,0.9981338977813721,0.9981338977813721,0.010596411302685738,0.00011100000119768083,0.312391459941864,315000.0,-0.03690013661980629,-0.0029188431799411774,0.09506173431873322,0.02422758750617504,-0.005842356011271477,1.9525550603866577,2661.8671875,32.26849365234375,11.818014144897461,44.086509704589844,113.41338348388672
17.300674438476562,229.0,1000.0,63.0,0.24161846935749054,0.020222771912813187,30.0,0.9962140917778015,0.9962140917778015,0.9962140917778015,0.0101698013022542,0.00010800000018207356,0.30867505073547363,320000.0,-0.037378858774900436,-0.00047872215509414673,-0.03548368811607361,0.027701014652848244,0.0034734271466732025,1.997450351715088,2707.3642578125,32.232269287109375,13.237184524536133,45.46945571899414,109.96393585205078
16.675447463989258,232.6999969482422,1000.0,64.0,0.22359724342823029,0.020658496767282486,25.0,0.998984158039093,0.998984158039093,0.998984158039093,0.009779145941138268,0.0001049999991664663,0.30307766795158386,325000.0,-0.031438540667295456,0.0059403181076049805,0.04014352336525917,0.032426778227090836,0.004725763574242592,1.6506882905960083,2745.598876953125,31.24748992919922,6.956705093383789,38.20419692993164,130.87567138671875
17.30889320373535,208.8800048828125,1000.0,65.0,0.20876505970954895,0.0204672459512949,25.0,0.9982718229293823,0.9982718229293823,0.9982718229293823,0.010594075545668602,0.00010199999815085903,0.29856401681900024,330000.0,-0.034395307302474976,-0.0029567666351795197,-0.05333885923027992,0.03185214847326279,-0.0005746297538280487,1.9284546375274658,2785.135498046875,29.14573097229004,10.373357772827148,39.51908874511719,126.52113342285156
17.890911102294922,210.33999633789062,1000.0,66.0,0.20041944086551666,0.020741580054163933,28.0,0.9919858574867249,0.9919858574867249,0.9919858574867249,0.011122828349471092,9.899999713525176e-05,0.29611897468566895,335000.0,-0.0351296067237854,-0.0007342994213104248,-0.014725186862051487,0.03114977851510048,-0.0007023699581623077,2.0718770027160645,2829.241455078125,31.661983489990234,12.415788650512695,44.0777702331543,113.43585968017578
17.817459106445312,205.02000427246094,1000.0,67.0,0.18894430994987488,0.020032741129398346,31.0,1.0024007558822632,1.0024007558822632,1.0024007558822632,0.010897301137447357,9.600000339560211e-05,0.2928266227245331,340000.0,-0.03838324546813965,-0.003253638744354248,-0.1214722990989685,0.029128361493349075,-0.002021417021751404,1.9471334218978882,2874.061767578125,32.226219177246094,12.566061019897461,44.79227828979492,111.62638092041016
18.370988845825195,215.02000427246094,1000.0,68.0,0.1764543354511261,0.020109102129936218,29.0,0.9938845038414001,0.9938845038414001,0.9938845038414001,0.010303495451807976,9.300000237999484e-05,0.2891753017902374,345000.0,-0.03585251048207283,0.0025307349860668182,-0.020941264927387238,0.028960244730114937,-0.0001681167632341385,1.9662138223648071,2912.76123046875,27.7249755859375,10.950039863586426,38.67501449584961,129.2824249267578
19.153257369995117,212.66000366210938,1000.0,69.0,0.16626723110675812,0.020374318584799767,26.0,1.0003535747528076,1.0003535747528076,1.0003535747528076,0.010079183615744114,9.000000136438757e-05,0.28625383973121643,350000.0,-0.0341557078063488,0.0016968026757240295,-0.03016957826912403,0.026823194697499275,-0.0021370500326156616,2.1337149143218994,2954.25830078125,30.19624900817871,11.274993896484375,41.47124481201172,120.56546783447266
19.11335563659668,212.74000549316406,1000.0,70.0,0.1512994021177292,0.021808544173836708,40.0,0.9960934519767761,0.9960934519767761,0.9960934519767761,0.010633411817252636,8.70000003487803e-05,0.2819822132587433,355000.0,-0.039876796305179596,-0.005721088498830795,-0.10525146126747131,0.02807781472802162,0.0012546200305223465,1.8457634449005127,3005.775146484375,36.61417007446289,14.871374130249023,51.48554611206055,97.11463165283203
18.614917755126953,217.52000427246094,1000.0,71.0,0.13251101970672607,0.02160651795566082,35.0,0.9994795322418213,0.9994795322418213,0.9994795322418213,0.010351534932851791,8.399999933317304e-05,0.2767961025238037,360000.0,-0.038718655705451965,0.0011581405997276306,-0.023234501481056213,0.0219187680631876,-0.0061590466648340225,1.8647534847259521,3052.595947265625,31.410154342651367,15.38563060760498,46.79578399658203,106.84722900390625
19.111162185668945,213.8000030517578,1000.0,72.0,0.11594800651073456,0.02106381580233574,36.0,0.9941173791885376,0.9941173791885376,0.9941173791885376,0.010807033628225327,8.099999831756577e-05,0.27223241329193115,365000.0,-0.038373492658138275,0.0003451630473136902,0.03276308998465538,0.02693779021501541,0.005019022151827812,2.1986844539642334,3097.197998046875,30.817527770996094,13.754462242126465,44.571990966796875,112.17807006835938
18.76828384399414,225.0,1000.0,73.0,0.10144326090812683,0.020031863823533058,38.0,0.9996941089630127,0.9996941089630127,0.9996941089630127,0.010361899621784687,7.79999973019585e-05,0.2682804465293884,370000.0,-0.04123973473906517,-0.002866242080926895,-0.021886741742491722,0.026828642934560776,-0.00010914728045463562,1.9634082317352295,3147.079833984375,30.932565689086914,18.929258346557617,49.86182403564453,100.2771224975586
19.06311798095703,227.44000244140625,1000.0,74.0,0.09205493330955505,0.020039809867739677,39.0,0.9978947639465332,0.9978947639465332,0.9978947639465332,0.010716049931943417,7.500000356230885e-05,0.2657615840435028,375000.0,-0.0395224504172802,0.0017172843217849731,-0.08220520615577698,0.020427796989679337,-0.006400845944881439,1.9401500225067139,3223.805908203125,57.60496139526367,19.096012115478516,76.70097351074219,65.18821716308594
19.039003372192383,226.39999389648438,1000.0,75.0,0.08228074014186859,0.02016275003552437,34.0,0.9962820410728455,0.9962820410728455,0.9962820410728455,0.010843943804502487,7.200000254670158e-05,0.2631233334541321,380000.0,-0.03995004668831825,-0.0004275962710380554,0.039253756403923035,0.023356419056653976,0.00292862206697464,2.0280814170837402,3296.240234375,56.575645446777344,15.821648597717285,72.39729309082031,69.0633544921875
18.479032516479492,231.1199951171875,1000.0,76.0,0.07438427209854126,0.020137639716267586,39.0,1.003256916999817,1.003256916999817,1.003256916999817,0.010917194187641144,6.900000153109431e-05,0.26106709241867065,385000.0,-0.039733629673719406,0.00021641701459884644,-0.05643804743885994,0.024072065949440002,0.000715646892786026,2.001415729522705,3358.4716796875,47.192501068115234,15.007970809936523,62.200469970703125,80.38524627685547
18.723621368408203,230.63999938964844,1000.0,77.0,0.06092913821339607,0.020810112357139587,38.0,0.9962513446807861,0.9962513446807861,0.9962513446807861,0.01057087630033493,6.600000051548705e-05,0.2575773000717163,390000.0,-0.039475008845329285,0.00025862082839012146,-0.21497496962547302,0.024015195667743683,-5.687028169631958e-05,2.020124673843384,3417.845458984375,44.62167739868164,14.726902961730957,59.34857940673828,84.24801635742188
18.749662399291992,224.86000061035156,1000.0,78.0,0.04892503470182419,0.021052923053503036,32.0,0.9969244003295898,0.9969244003295898,0.9969244003295898,0.010736027732491493,6.299999949987978e-05,0.2544679641723633,395000.0,-0.038721583783626556,0.0007534250617027283,0.096560999751091,0.027753502130508423,0.00373830646276474,2.178083658218384,3461.41064453125,29.966890335083008,13.576683044433594,43.54357147216797,114.82750701904297
18.36516761779785,225.74000549316406,1000.0,79.0,0.036546047776937485,0.021025195717811584,35.0,0.9942622780799866,0.9942622780799866,0.9942622780799866,0.01017722487449646,5.999999848427251e-05,0.2513464689254761,400000.0,-0.03798265755176544,0.0007389262318611145,0.11150927096605301,0.025260664522647858,-0.002492837607860565,2.0744378566741943,3509.5498046875,32.01145553588867,16.09246826171875,48.10392379760742,103.9416275024414
18.69485855102539,229.6999969482422,1000.0,80.0,0.023990904912352562,0.01836906373500824,40.0,0.9977970719337463,0.9977970719337463,0.9977970719337463,0.009910207241773605,5.700000110664405e-05,0.2481861114501953,405000.0,-0.03797091171145439,1.1745840311050415e-05,-0.1324826180934906,0.02710156887769699,0.0018409043550491333,1.9287359714508057,3565.710205078125,36.876182556152344,19.248075485229492,56.1252555847168,89.08645629882812
18.862018585205078,233.52000427246094,1000.0,81.0,0.00878252275288105,0.01865522377192974,40.0,0.9960992336273193,0.9960992336273193,0.9960992336273193,0.009752499870955944,5.400000009103678e-05,0.2444172501564026,410000.0,-0.041734110563993454,-0.0037631988525390625,0.03136184811592102,0.02537517622113228,-0.0017263926565647125,2.06660795211792,3619.8955078125,36.25547409057617,17.900569915771484,54.156044006347656,92.32579803466797
18.27263641357422,232.13999938964844,1000.0,82.0,-0.00788974016904831,0.018215879797935486,40.0,0.9958100318908691,0.9958100318908691,0.9958100318908691,0.00956849567592144,5.0999999075429514e-05,0.2403702586889267,415000.0,-0.04143870249390602,0.00029540807008743286,0.08510464429855347,0.022390825673937798,-0.002984350547194481,2.1228129863739014,3665.853515625,29.612918853759766,16.31441879272461,45.927337646484375,108.86762237548828
18.61571502685547,219.3000030517578,1000.0,83.0,-0.02132679708302021,0.015303567051887512,40.0,0.9966953992843628,0.9966953992843628,0.9966953992843628,0.00929466262459755,4.8000001697801054e-05,0.23718056082725525,420000.0,-0.037593163549900055,0.003845538944005966,0.013240142725408077,0.02996177040040493,0.007570944726467133,2.103396415710449,3720.66552734375,36.880680084228516,17.90510368347168,54.78578567504883,91.2645492553711
18.788312911987305,220.6199951171875,1000.0,84.0,-0.03275343030691147,0.016731513664126396,40.0,0.9996232390403748,0.9996232390403748,0.9996232390403748,0.009217854589223862,4.5000000682193786e-05,0.234467551112175,425000.0,-0.037116166204214096,0.00047699734568595886,-0.16602018475532532,0.023949498310685158,-0.006012272089719772,2.092954635620117,3773.50341796875,34.42988204956055,18.291000366210938,52.720882415771484,94.83908081054688
19.06401824951172,225.1199951171875,1000.0,85.0,-0.0403604619204998,0.016236992552876472,40.0,0.9964743256568909,0.9964743256568909,0.9964743256568909,0.009548117406666279,4.199999966658652e-05,0.2326633483171463,430000.0,-0.0385785773396492,-0.0014624111354351044,-0.033178091049194336,0.02516217902302742,0.0012126807123422623,2.1667349338531494,3828.269775390625,35.21673583984375,19.51892852783203,54.73566436767578,91.3481216430664
18.85443687438965,227.5,1000.0,86.0,-0.050348009914159775,0.015436760149896145,40.0,0.997395932674408,0.997395932674408,0.997395932674408,0.009349942207336426,3.899999865097925e-05,0.23037515580654144,435000.0,-0.0377257764339447,0.0008528009057044983,-0.034767717123031616,0.020960984751582146,-0.004201194271445274,1.8799691200256348,3881.728515625,34.5305290222168,18.897613525390625,53.428138732910156,93.5836410522461
19.243366241455078,217.63999938964844,1000.0,87.0,-0.05966399982571602,0.014159491285681725,40.0,0.9978175163269043,0.9978175163269043,0.9978175163269043,0.00878196582198143,3.600000127335079e-05,0.2282269448041916,440000.0,-0.03502146527171135,0.0027043111622333527,0.06233236938714981,0.028402285650372505,0.0074413008987903595,2.1655051708221436,3934.0771484375,34.4777717590332,17.842453002929688,52.32022476196289,95.56533813476562
19.294340133666992,216.55999755859375,1000.0,88.0,-0.066596120595932,0.01533424947410822,40.0,0.9997749328613281,0.9997749328613281,0.9997749328613281,0.00908954069018364,3.300000025774352e-05,0.22664272785186768,445000.0,-0.036498043686151505,-0.001476578414440155,0.1833987832069397,0.02546697109937668,-0.0029353145509958267,2.101982593536377,3983.849853515625,32.03762435913086,17.70679473876953,49.74441909790039,100.51378631591797
19.751035690307617,219.17999267578125,1000.0,89.0,-0.07417536526918411,0.014379583299160004,40.0,1.000101089477539,1.000101089477539,1.000101089477539,0.009291361086070538,2.9999999242136255e-05,0.2249174863100052,450000.0,-0.036747563630342484,-0.000249519944190979,-0.06892042607069016,0.028494764119386673,0.0030277930200099945,2.0891809463500977,4035.32666015625,32.82670211791992,18.561872482299805,51.388572692871094,97.29789733886719
19.955883026123047,213.66000366210938,1000.0,90.0,-0.07961880415678024,0.013972917571663857,40.0,0.9986143708229065,0.9986143708229065,0.9986143708229065,0.008893419988453388,2.700000004551839e-05,0.22365440428256989,455000.0,-0.03571184724569321,0.0010357163846492767,0.03381122648715973,0.024818802252411842,-0.0036759618669748306,2.17063307762146,4088.39111328125,34.46940231323242,18.56163787841797,53.03104019165039,94.2844009399414
19.993152618408203,203.02000427246094,1000.0,91.0,-0.08435013890266418,0.012363296002149582,40.0,0.9993902444839478,0.9993902444839478,0.9993902444839478,0.008707486093044281,2.4000000848900527e-05,0.22258058190345764,460000.0,-0.03353060409426689,0.0021812431514263153,-0.1158369854092598,0.02527352049946785,0.0004547182470560074,2.143953323364258,4140.83642578125,33.64426803588867,18.769899368286133,52.41416931152344,95.39405059814453
19.99007797241211,215.9600067138672,1000.0,92.0,-0.08732682466506958,0.010605421848595142,40.0,1.0000076293945312,1.0000076293945312,1.0000076293945312,0.008203909732401371,2.099999983329326e-05,0.22190898656845093,465000.0,-0.029990240931510925,0.003540363162755966,0.0335095152258873,0.026403043419122696,0.0011295229196548462,2.0014560222625732,4193.33203125,33.91338348388672,18.554309844970703,52.46769332885742,95.29673767089844
20.048534393310547,219.97999572753906,1000.0,93.0,-0.09366998076438904,0.012433258816599846,40.0,0.999674379825592,0.999674379825592,0.999674379825592,0.008544735610485077,1.8000000636675395e-05,0.2204946130514145,470000.0,-0.03146910294890404,-0.0014788620173931122,-0.2006618082523346,0.026622021570801735,0.000218978151679039,2.1793649196624756,4245.39794921875,33.6617431640625,18.376277923583984,52.038021087646484,96.0835952758789
20.309415817260742,216.75999450683594,1000.0,94.0,-0.10114792734384537,0.009501785971224308,40.0,1.00123929977417,1.00123929977417,1.00123929977417,0.007850151509046555,1.4999999621068127e-05,0.21885107457637787,475000.0,-0.026605794206261635,0.004863308742642403,-0.13191494345664978,0.02348712645471096,-0.0031348951160907745,2.1313135623931885,4297.625,33.832244873046875,18.368194580078125,52.200439453125,95.78463745117188
19.63681411743164,218.05999755859375,1000.0,95.0,-0.10586227476596832,0.011295436881482601,40.0,0.9989440441131592,0.9989440441131592,0.9989440441131592,0.007703048642724752,1.2000000424450263e-05,0.21781858801841736,480000.0,-0.027966618537902832,-0.0013608243316411972,-0.04952215403318405,0.023040225729346275,-0.00044690072536468506,1.9352589845657349,4349.3857421875,33.50457000732422,18.225116729736328,51.72969055175781,96.65629577636719
19.964038848876953,216.82000732421875,1000.0,96.0,-0.10838082432746887,0.008787504397332668,40.0,0.9991735816001892,0.9991735816001892,0.9991735816001892,0.007580126170068979,9.000000318337698e-06,0.2172793745994568,485000.0,-0.02320016361773014,0.004766454920172691,0.07104106992483139,0.029953651130199432,0.006913425400853157,2.0561439990997314,4401.255859375,33.870853424072266,17.97001838684082,51.84087371826172,96.4489974975586
19.600793838500977,224.6199951171875,1000.0,97.0,-0.11029775440692902,0.008111407049000263,40.0,0.9996991753578186,0.9996991753578186,0.9996991753578186,0.006497005466371775,6.000000212225132e-06,0.21687112748622894,490000.0,-0.020582176744937897,0.002617986872792244,0.0872843861579895,0.02445150539278984,-0.005502145737409592,2.04618239402771,4453.609375,33.64858627319336,18.675960540771484,52.324546813964844,95.55744171142578
19.811105728149414,231.27999877929688,1000.0,98.0,-0.1122937873005867,0.00771070271730423,40.0,1.000171422958374,1.000171422958374,1.000171422958374,0.007286075968295336,3.000000106112566e-06,0.21643590927124023,495000.0,-0.020091766491532326,0.000490410253405571,-0.10366258770227432,0.02453579753637314,8.429214358329773e-05,2.22991681098938,4506.2099609375,34.056541442871094,18.51274871826172,52.56929016113281,95.11256408691406
19.3311824798584,238.9199981689453,1000.0,99.0,-0.11348880082368851,0.007177244406193495,40.0,0.9989601373672485,0.9989601373672485,0.9989601373672485,0.0060172611847519875,0.0,0.21617823839187622,500000.0,-0.014086434617638588,0.006005331873893738,-0.04169324040412903,0.024567419663071632,3.162212669849396e-05,1.8476183414459229,4558.82666015625,34.610843658447266,17.975666046142578,52.586509704589844,95.0814208984375
